id,comment_id,name
1,'1','Computer'
2,'1','Bike'
3,'1','Mouse'
4,'2','Ball'
5,'2','Bacon'
6,'2','Cheese'
7,'2','Car'
8,'2','Gloves'
9,'2','Salad'
10,'2','Ball'
11,'2','Chair'
12,'2','Chair'
13,'3','Cheese'
14,'4','Bike'
15,'4','Gloves'
16,'4','Chicken'
17,'4','Shoes'
18,'5','Ball'
19,'5','Computer'
20,'5','Salad'
21,'5','Shoes'
22,'5','Keyboard'
23,'5','Shoes'
24,'6','Gloves'
25,'6','Shoes'
26,'6','Soap'
27,'6','Mouse'
28,'6','Car'
29,'6','Chicken'
30,'6','Towels'
31,'6','Tuna'
32,'6','Bike'
33,'7','Shoes'
34,'7','Cheese'
35,'7','Computer'
36,'7','Pants'
37,'7','Cheese'
38,'7','Shoes'
39,'7','Shoes'
40,'7','Bike'
41,'10','Cheese'
42,'10','Cheese'
43,'10','Table'
44,'10','Pants'
45,'11','Cheese'
46,'11','Shirt'
47,'11','Table'
48,'11','Shoes'
49,'11','Salad'
50,'11','Shoes'
51,'11','Salad'
52,'12','Cheese'
53,'12','Car'
54,'12','Sausages'
55,'12','Keyboard'
56,'12','Tuna'
57,'12','Shirt'
58,'13','Chair'
59,'14','Chicken'
60,'14','Gloves'
61,'14','Chicken'
62,'14','Tuna'
63,'14','Ball'
64,'15','Pizza'
65,'15','Gloves'
66,'15','Chips'
67,'15','Fish'
68,'15','Towels'
69,'15','Pizza'
70,'15','Shoes'
71,'15','Mouse'
72,'16','Chair'
73,'16','Mouse'
74,'16','Bacon'
75,'19','Fish'
76,'19','Shoes'
77,'19','Fish'
78,'19','Gloves'
79,'19','Chicken'
80,'19','Computer'
81,'19','Ball'
82,'19','Tuna'
83,'19','Hat'
84,'20','Mouse'
85,'20','Sausages'
86,'20','Chair'
87,'20','Cheese'
88,'20','Mouse'
89,'20','Table'
90,'20','Fish'
91,'20','Table'
92,'21','Bike'
93,'21','Keyboard'
94,'21','Ball'
95,'21','Chicken'
96,'21','Cheese'
97,'21','Shoes'
98,'22','Sausages'
99,'22','Bacon'
100,'22','Tuna'
101,'22','Chair'
102,'22','Table'
103,'23','Ball'
104,'23','Keyboard'
105,'23','Tuna'
106,'23','Fish'
107,'23','Fish'
108,'23','Chair'
109,'24','Chair'
110,'24','Ball'
111,'24','Ball'
112,'24','Table'
113,'24','Pizza'
114,'24','Tuna'
115,'24','Table'
116,'24','Shoes'
117,'25','Chips'
118,'26','Pants'
119,'26','Chips'
120,'26','Computer'
121,'26','Keyboard'
122,'26','Mouse'
123,'26','Towels'
124,'27','Car'
125,'27','Keyboard'
126,'27','Computer'
127,'27','Keyboard'
128,'28','Cheese'
129,'28','Sausages'
130,'29','Chicken'
131,'29','Chicken'
132,'29','Sausages'
133,'29','Chicken'
134,'29','Keyboard'
135,'29','Ball'
136,'29','Table'
137,'29','Cheese'
138,'29','Ball'
139,'30','Shirt'
140,'30','Salad'
141,'31','Pants'
142,'31','Pizza'
143,'32','Chair'
144,'32','Keyboard'
145,'32','Salad'
146,'32','Keyboard'
147,'32','Sausages'
148,'32','Fish'
149,'32','Shirt'
150,'32','Ball'
151,'32','Chips'
152,'33','Towels'
153,'33','Gloves'
154,'33','Shirt'
155,'33','Ball'
156,'33','Towels'
157,'33','Shirt'
158,'34','Bacon'
159,'35','Fish'
160,'37','Keyboard'
161,'37','Salad'
162,'37','Mouse'
163,'37','Table'
164,'38','Bike'
165,'38','Table'
166,'38','Shirt'
167,'38','Shirt'
168,'38','Chips'
169,'38','Chips'
170,'38','Ball'
171,'39','Table'
172,'39','Towels'
173,'39','Bike'
174,'39','Ball'
175,'39','Cheese'
176,'39','Chicken'
177,'40','Fish'
178,'41','Shoes'
179,'41','Cheese'
180,'41','Bacon'
181,'41','Table'
182,'42','Keyboard'
183,'42','Bike'
184,'42','Chair'
185,'42','Computer'
186,'42','Hat'
187,'42','Ball'
188,'42','Keyboard'
189,'42','Chair'
190,'43','Soap'
191,'43','Bike'
192,'43','Chicken'
193,'43','Shoes'
194,'43','Bacon'
195,'43','Chips'
196,'43','Sausages'
197,'43','Gloves'
198,'44','Bacon'
199,'44','Chips'
200,'44','Chair'
201,'45','Chicken'
202,'45','Pizza'
203,'45','Table'
204,'45','Chips'
205,'45','Gloves'
206,'45','Soap'
207,'45','Towels'
208,'46','Mouse'
209,'46','Chips'
210,'47','Mouse'
211,'48','Gloves'
212,'48','Towels'
213,'48','Shoes'
214,'48','Keyboard'
215,'48','Keyboard'
216,'48','Keyboard'
217,'48','Hat'
218,'49','Mouse'
219,'49','Hat'
220,'49','Chair'
221,'49','Soap'
222,'50','Car'
223,'51','Gloves'
224,'51','Salad'
225,'51','Chair'
226,'51','Soap'
227,'51','Ball'
228,'51','Pants'
229,'51','Chips'
230,'52','Chair'
231,'52','Chicken'
232,'53','Table'
233,'53','Cheese'
234,'53','Towels'
235,'53','Bike'
236,'53','Chicken'
237,'54','Table'
238,'54','Keyboard'
239,'54','Bike'
240,'54','Pizza'
241,'55','Computer'
242,'55','Pizza'
243,'56','Computer'
244,'56','Tuna'
245,'56','Towels'
246,'56','Salad'
247,'56','Soap'
248,'58','Keyboard'
249,'58','Chips'
250,'59','Fish'
251,'59','Salad'
252,'59','Pizza'
253,'59','Fish'
254,'59','Fish'
255,'59','Chips'
256,'59','Keyboard'
257,'59','Car'
258,'60','Salad'
259,'60','Soap'
260,'60','Car'
261,'61','Shoes'
262,'62','Shoes'
263,'62','Table'
264,'62','Chips'
265,'62','Cheese'
266,'62','Table'
267,'63','Sausages'
268,'63','Mouse'
269,'63','Car'
270,'64','Towels'
271,'65','Chair'
272,'65','Tuna'
273,'65','Bacon'
274,'65','Table'
275,'65','Hat'
276,'65','Car'
277,'65','Salad'
278,'66','Sausages'
279,'66','Tuna'
280,'66','Cheese'
281,'66','Table'
282,'66','Chips'
283,'66','Tuna'
284,'66','Towels'
285,'67','Sausages'
286,'67','Shoes'
287,'67','Soap'
288,'67','Chicken'
289,'67','Hat'
290,'68','Pizza'
291,'69','Cheese'
292,'69','Mouse'
293,'69','Cheese'
294,'69','Shoes'
295,'69','Gloves'
296,'69','Computer'
297,'69','Pants'
298,'69','Keyboard'
299,'70','Computer'
300,'70','Cheese'
301,'70','Shirt'
302,'70','Chicken'
303,'70','Ball'
304,'70','Chips'
305,'71','Chips'
306,'72','Pizza'
307,'72','Bike'
308,'72','Gloves'
309,'72','Cheese'
310,'72','Cheese'
311,'74','Chair'
312,'74','Bacon'
313,'74','Chicken'
314,'74','Shirt'
315,'74','Tuna'
316,'75','Pants'
317,'75','Pizza'
318,'76','Soap'
319,'76','Chips'
320,'76','Mouse'
321,'76','Chicken'
322,'76','Cheese'
323,'77','Chips'
324,'77','Fish'
325,'77','Chicken'
326,'77','Pizza'
327,'77','Towels'
328,'77','Ball'
329,'77','Shoes'
330,'77','Cheese'
331,'77','Salad'
332,'78','Ball'
333,'78','Shoes'
334,'78','Table'
335,'78','Ball'
336,'78','Chips'
337,'78','Tuna'
338,'78','Shoes'
339,'78','Bacon'
340,'79','Sausages'
341,'79','Salad'
342,'79','Bacon'
343,'79','Gloves'
344,'79','Table'
345,'79','Table'
346,'79','Chips'
347,'79','Salad'
348,'80','Bacon'
349,'80','Pants'
350,'80','Shirt'
351,'81','Gloves'
352,'81','Cheese'
353,'81','Mouse'
354,'81','Chicken'
355,'81','Table'
356,'81','Tuna'
357,'81','Computer'
358,'82','Chips'
359,'82','Salad'
360,'82','Towels'
361,'82','Mouse'
362,'82','Hat'
363,'82','Sausages'
364,'82','Cheese'
365,'82','Gloves'
366,'82','Keyboard'
367,'83','Chair'
368,'83','Fish'
369,'83','Car'
370,'84','Pizza'
371,'84','Car'
372,'84','Cheese'
373,'84','Bacon'
374,'84','Mouse'
375,'85','Chicken'
376,'86','Cheese'
377,'86','Chips'
378,'86','Fish'
379,'86','Bacon'
380,'87','Ball'
381,'87','Car'
382,'87','Shirt'
383,'87','Ball'
384,'87','Sausages'
385,'87','Towels'
386,'87','Chips'
387,'87','Bike'
388,'88','Ball'
389,'88','Mouse'
390,'88','Chair'
391,'88','Shoes'
392,'88','Soap'
393,'88','Bike'
394,'88','Car'
395,'88','Table'
396,'88','Car'
397,'90','Hat'
398,'90','Tuna'
399,'90','Cheese'
400,'91','Shirt'
401,'91','Shirt'
402,'91','Pizza'
403,'92','Table'
404,'92','Gloves'
405,'92','Tuna'
406,'92','Soap'
407,'92','Keyboard'
408,'92','Hat'
409,'92','Sausages'
410,'93','Ball'
411,'93','Chicken'
412,'93','Chair'
413,'93','Shirt'
414,'93','Cheese'
415,'93','Car'
416,'96','Soap'
417,'96','Tuna'
418,'97','Pizza'
419,'97','Car'
420,'97','Fish'
421,'97','Gloves'
422,'97','Chicken'
423,'97','Hat'
424,'97','Hat'
425,'98','Car'
426,'98','Car'
427,'98','Chips'
428,'98','Towels'
429,'98','Pizza'
430,'99','Gloves'
431,'99','Table'
432,'99','Pants'
433,'99','Fish'
434,'100','Table'
435,'100','Cheese'
436,'100','Towels'
437,'100','Sausages'
438,'100','Chicken'
439,'100','Hat'
440,'101','Ball'
441,'101','Bacon'
442,'101','Ball'
443,'103','Towels'
444,'103','Chair'
445,'103','Tuna'
446,'103','Chips'
447,'103','Towels'
448,'103','Ball'
449,'103','Cheese'
450,'103','Shirt'
451,'103','Cheese'
452,'104','Chair'
453,'104','Hat'
454,'104','Shirt'
455,'104','Ball'
456,'104','Keyboard'
457,'104','Sausages'
458,'104','Bike'
459,'104','Chips'
460,'104','Hat'
461,'105','Pants'
462,'105','Bacon'
463,'105','Soap'
464,'106','Chips'
465,'106','Gloves'
466,'107','Shoes'
467,'107','Pizza'
468,'108','Table'
469,'108','Tuna'
470,'108','Shirt'
471,'108','Chips'
472,'108','Ball'
473,'108','Fish'
474,'108','Chicken'
475,'108','Hat'
476,'109','Car'
477,'111','Towels'
478,'111','Pants'
479,'111','Chair'
480,'111','Chicken'
481,'111','Pants'
482,'111','Fish'
483,'111','Gloves'
484,'112','Computer'
485,'112','Tuna'
486,'112','Fish'
487,'112','Bacon'
488,'112','Ball'
489,'113','Shirt'
490,'113','Mouse'
491,'113','Shoes'
492,'113','Soap'
493,'113','Pants'
494,'113','Chair'
495,'113','Ball'
496,'115','Shoes'
497,'115','Towels'
498,'115','Sausages'
499,'115','Cheese'
500,'115','Ball'
501,'116','Car'
502,'116','Pizza'
503,'116','Bike'
504,'117','Keyboard'
505,'117','Tuna'
506,'117','Bike'
507,'117','Chicken'
508,'118','Computer'
509,'118','Computer'
510,'118','Shirt'
511,'118','Pizza'
512,'118','Chips'
513,'118','Chair'
514,'118','Car'
515,'118','Pizza'
516,'118','Chicken'
517,'119','Tuna'
518,'119','Pants'
519,'119','Table'
520,'119','Bike'
521,'119','Bacon'
522,'119','Chicken'
523,'119','Bike'
524,'119','Chicken'
525,'119','Shirt'
526,'120','Table'
527,'120','Soap'
528,'121','Keyboard'
529,'121','Pizza'
530,'121','Chair'
531,'121','Gloves'
532,'121','Bacon'
533,'122','Pants'
534,'123','Shirt'
535,'123','Pants'
536,'124','Tuna'
537,'124','Ball'
538,'124','Car'
539,'124','Soap'
540,'124','Tuna'
541,'124','Shoes'
542,'124','Car'
543,'124','Table'
544,'124','Ball'
545,'125','Chair'
546,'125','Cheese'
547,'126','Pizza'
548,'126','Soap'
549,'126','Shoes'
550,'127','Gloves'
551,'128','Soap'
552,'128','Chips'
553,'128','Bacon'
554,'129','Cheese'
555,'129','Cheese'
556,'129','Table'
557,'129','Keyboard'
558,'129','Hat'
559,'129','Bacon'
560,'129','Soap'
561,'129','Shirt'
562,'129','Pants'
563,'130','Fish'
564,'130','Hat'
565,'130','Mouse'
566,'130','Cheese'
567,'130','Bacon'
568,'130','Towels'
569,'131','Mouse'
570,'131','Gloves'
571,'132','Shirt'
572,'132','Pizza'
573,'132','Cheese'
574,'132','Shoes'
575,'132','Mouse'
576,'132','Gloves'
577,'133','Bacon'
578,'133','Chicken'
579,'133','Cheese'
580,'133','Pizza'
581,'133','Gloves'
582,'133','Towels'
583,'134','Pants'
584,'134','Salad'
585,'135','Tuna'
586,'135','Chips'
587,'135','Bike'
588,'135','Computer'
589,'135','Car'
590,'135','Chips'
591,'136','Pizza'
592,'136','Sausages'
593,'136','Car'
594,'137','Chicken'
595,'137','Chicken'
596,'137','Chair'
597,'137','Keyboard'
598,'137','Pants'
599,'137','Towels'
600,'138','Chips'
601,'138','Computer'
602,'138','Gloves'
603,'138','Gloves'
604,'138','Hat'
605,'139','Chicken'
606,'139','Gloves'
607,'139','Salad'
608,'139','Cheese'
609,'139','Towels'
610,'139','Cheese'
611,'139','Hat'
612,'139','Gloves'
613,'140','Shirt'
614,'140','Chair'
615,'140','Gloves'
616,'140','Pants'
617,'140','Sausages'
618,'141','Fish'
619,'141','Computer'
620,'142','Bike'
621,'142','Bike'
622,'142','Chicken'
623,'143','Fish'
624,'143','Mouse'
625,'143','Mouse'
626,'143','Hat'
627,'143','Sausages'
628,'143','Computer'
629,'143','Shoes'
630,'143','Computer'
631,'144','Shoes'
632,'144','Bacon'
633,'144','Car'
634,'144','Cheese'
635,'145','Mouse'
636,'145','Towels'
637,'145','Fish'
638,'145','Pizza'
639,'145','Keyboard'
640,'145','Bacon'
641,'146','Computer'
642,'146','Bike'
643,'146','Cheese'
644,'146','Tuna'
645,'147','Sausages'
646,'147','Tuna'
647,'147','Chicken'
648,'148','Ball'
649,'149','Sausages'
650,'149','Chips'
651,'149','Sausages'
652,'149','Chicken'
653,'149','Fish'
654,'149','Fish'
655,'150','Cheese'
656,'150','Table'
657,'150','Soap'
658,'150','Gloves'
659,'150','Computer'
660,'150','Gloves'
661,'150','Towels'
662,'151','Soap'
663,'151','Sausages'
664,'151','Towels'
665,'152','Tuna'
666,'152','Keyboard'
667,'152','Shirt'
668,'152','Shoes'
669,'152','Towels'
670,'152','Keyboard'
671,'152','Mouse'
672,'152','Pizza'
673,'152','Computer'
674,'153','Shoes'
675,'153','Soap'
676,'153','Tuna'
677,'153','Cheese'
678,'153','Gloves'
679,'153','Chicken'
680,'153','Hat'
681,'153','Cheese'
682,'154','Chair'
683,'155','Bacon'
684,'155','Chair'
685,'155','Computer'
686,'156','Ball'
687,'157','Bacon'
688,'157','Fish'
689,'158','Ball'
690,'159','Chair'
691,'159','Bike'
692,'159','Towels'
693,'159','Car'
694,'159','Pizza'
695,'159','Cheese'
696,'159','Shoes'
697,'159','Chips'
698,'160','Bike'
699,'160','Ball'
700,'160','Cheese'
701,'160','Shirt'
702,'160','Car'
703,'160','Ball'
704,'160','Chips'
705,'160','Bike'
706,'162','Soap'
707,'162','Keyboard'
708,'162','Shoes'
709,'162','Mouse'
710,'162','Car'
711,'163','Chips'
712,'163','Ball'
713,'163','Cheese'
714,'164','Cheese'
715,'164','Car'
716,'164','Pizza'
717,'164','Chicken'
718,'164','Pizza'
719,'164','Keyboard'
720,'165','Gloves'
721,'165','Mouse'
722,'165','Salad'
723,'165','Pizza'
724,'165','Cheese'
725,'165','Chips'
726,'165','Tuna'
727,'166','Chips'
728,'166','Car'
729,'166','Hat'
730,'166','Car'
731,'166','Gloves'
732,'166','Cheese'
733,'166','Keyboard'
734,'166','Keyboard'
735,'166','Table'
736,'168','Bacon'
737,'168','Mouse'
738,'168','Computer'
739,'168','Bike'
740,'168','Salad'
741,'168','Gloves'
742,'168','Pizza'
743,'169','Pants'
744,'169','Shirt'
745,'169','Hat'
746,'169','Mouse'
747,'169','Gloves'
748,'169','Towels'
749,'169','Bike'
750,'169','Bike'
751,'170','Mouse'
752,'170','Bacon'
753,'170','Towels'
754,'170','Shirt'
755,'170','Hat'
756,'170','Shoes'
757,'170','Salad'
758,'170','Salad'
759,'170','Cheese'
760,'171','Chair'
761,'171','Mouse'
762,'171','Towels'
763,'172','Chicken'
764,'172','Salad'
765,'172','Bike'
766,'172','Ball'
767,'173','Shoes'
768,'173','Computer'
769,'173','Shoes'
770,'173','Computer'
771,'173','Bacon'
772,'174','Chips'
773,'174','Table'
774,'174','Shoes'
775,'175','Mouse'
776,'175','Cheese'
777,'175','Chips'
778,'175','Pants'
779,'175','Keyboard'
780,'175','Hat'
781,'175','Tuna'
782,'175','Towels'
783,'175','Ball'
784,'176','Bike'
785,'176','Tuna'
786,'177','Ball'
787,'177','Towels'
788,'177','Shoes'
789,'177','Salad'
790,'177','Keyboard'
791,'177','Bike'
792,'178','Car'
793,'178','Pants'
794,'178','Computer'
795,'179','Chips'
796,'179','Sausages'
797,'179','Salad'
798,'179','Shoes'
799,'180','Tuna'
800,'180','Mouse'
801,'180','Sausages'
802,'180','Gloves'
803,'180','Shirt'
804,'180','Chips'
805,'180','Mouse'
806,'180','Table'
807,'181','Car'
808,'181','Table'
809,'181','Cheese'
810,'181','Shoes'
811,'181','Table'
812,'182','Bacon'
813,'182','Keyboard'
814,'182','Fish'
815,'183','Computer'
816,'184','Shoes'
817,'185','Sausages'
818,'185','Shoes'
819,'185','Table'
820,'185','Soap'
821,'186','Shoes'
822,'186','Ball'
823,'186','Bike'
824,'186','Computer'
825,'187','Salad'
826,'187','Chicken'
827,'187','Chair'
828,'187','Chicken'
829,'187','Tuna'
830,'188','Ball'
831,'188','Bacon'
832,'189','Computer'
833,'189','Sausages'
834,'189','Salad'
835,'189','Chicken'
836,'189','Salad'
837,'189','Bike'
838,'189','Pizza'
839,'189','Tuna'
840,'190','Chicken'
841,'190','Chicken'
842,'190','Towels'
843,'190','Sausages'
844,'190','Cheese'
845,'190','Keyboard'
846,'191','Cheese'
847,'191','Bacon'
848,'191','Hat'
849,'191','Chair'
850,'191','Mouse'
851,'192','Soap'
852,'192','Mouse'
853,'192','Mouse'
854,'192','Keyboard'
855,'192','Chicken'
856,'193','Bacon'
857,'193','Towels'
858,'193','Computer'
859,'193','Gloves'
860,'193','Table'
861,'193','Towels'
862,'193','Table'
863,'193','Chips'
864,'194','Shirt'
865,'194','Shirt'
866,'194','Bike'
867,'194','Soap'
868,'194','Mouse'
869,'194','Chips'
870,'196','Bike'
871,'196','Pizza'
872,'196','Mouse'
873,'196','Cheese'
874,'196','Chips'
875,'196','Pizza'
876,'196','Cheese'
877,'197','Tuna'
878,'197','Car'
879,'197','Pizza'
880,'197','Mouse'
881,'197','Gloves'
882,'197','Shirt'
883,'197','Ball'
884,'197','Ball'
885,'197','Salad'
886,'198','Bike'
887,'198','Shoes'
888,'198','Sausages'
889,'198','Pants'
890,'198','Sausages'
891,'198','Ball'
892,'198','Shoes'
893,'198','Gloves'
894,'199','Pizza'
895,'199','Chips'
896,'199','Keyboard'
897,'200','Fish'
898,'200','Tuna'
899,'200','Pizza'
900,'201','Car'
901,'201','Computer'
902,'201','Salad'
903,'201','Pizza'
904,'201','Pizza'
905,'201','Fish'
906,'202','Towels'
907,'202','Chicken'
908,'202','Pants'
909,'203','Sausages'
910,'204','Gloves'
911,'205','Chips'
912,'205','Ball'
913,'205','Car'
914,'205','Shirt'
915,'205','Ball'
916,'205','Gloves'
917,'205','Bacon'
918,'205','Soap'
919,'206','Chicken'
920,'206','Computer'
921,'206','Hat'
922,'206','Keyboard'
923,'206','Chips'
924,'206','Sausages'
925,'206','Bacon'
926,'206','Car'
927,'206','Chair'
928,'207','Computer'
929,'207','Keyboard'
930,'207','Ball'
931,'207','Cheese'
932,'207','Shoes'
933,'207','Car'
934,'207','Car'
935,'207','Pizza'
936,'208','Salad'
937,'208','Cheese'
938,'209','Gloves'
939,'209','Car'
940,'209','Keyboard'
941,'209','Hat'
942,'209','Pizza'
943,'209','Sausages'
944,'209','Bacon'
945,'209','Mouse'
946,'210','Ball'
947,'210','Hat'
948,'210','Pants'
949,'210','Ball'
950,'210','Chair'
951,'211','Keyboard'
952,'211','Chips'
953,'212','Pizza'
954,'212','Chicken'
955,'212','Tuna'
956,'212','Gloves'
957,'212','Pants'
958,'212','Sausages'
959,'213','Chicken'
960,'213','Pizza'
961,'213','Chips'
962,'213','Shirt'
963,'213','Sausages'
964,'213','Chair'
965,'213','Bacon'
966,'213','Pants'
967,'213','Computer'
968,'214','Bike'
969,'214','Car'
970,'214','Towels'
971,'214','Tuna'
972,'214','Sausages'
973,'214','Towels'
974,'214','Shoes'
975,'214','Shoes'
976,'215','Towels'
977,'217','Car'
978,'218','Mouse'
979,'218','Chicken'
980,'219','Chicken'
981,'219','Pants'
982,'219','Table'
983,'220','Fish'
984,'220','Mouse'
985,'220','Car'
986,'220','Table'
987,'221','Chips'
988,'221','Gloves'
989,'221','Salad'
990,'221','Bike'
991,'221','Fish'
992,'221','Gloves'
993,'221','Keyboard'
994,'222','Bacon'
995,'222','Chair'
996,'222','Bike'
997,'223','Keyboard'
998,'223','Gloves'
999,'223','Computer'
1000,'223','Pizza'
1001,'224','Mouse'
1002,'224','Computer'
1003,'225','Towels'
1004,'225','Table'
1005,'225','Computer'
1006,'225','Pizza'
1007,'225','Fish'
1008,'225','Chair'
1009,'225','Pants'
1010,'226','Salad'
1011,'227','Towels'
1012,'227','Tuna'
1013,'227','Pants'
1014,'227','Table'
1015,'228','Gloves'
1016,'228','Chips'
1017,'228','Bike'
1018,'228','Soap'
1019,'228','Sausages'
1020,'229','Towels'
1021,'229','Fish'
1022,'229','Fish'
1023,'230','Chips'
1024,'230','Pizza'
1025,'230','Salad'
1026,'230','Bacon'
1027,'231','Bacon'
1028,'231','Towels'
1029,'231','Car'
1030,'232','Bike'
1031,'232','Chair'
1032,'233','Sausages'
1033,'233','Salad'
1034,'233','Bike'
1035,'233','Fish'
1036,'233','Chips'
1037,'233','Shoes'
1038,'233','Tuna'
1039,'233','Mouse'
1040,'234','Salad'
1041,'234','Bike'
1042,'234','Hat'
1043,'234','Bike'
1044,'234','Pizza'
1045,'234','Fish'
1046,'236','Towels'
1047,'236','Keyboard'
1048,'236','Salad'
1049,'236','Shirt'
1050,'236','Shoes'
1051,'236','Hat'
1052,'236','Pizza'
1053,'236','Soap'
1054,'236','Fish'
1055,'237','Hat'
1056,'237','Shoes'
1057,'237','Ball'
1058,'237','Ball'
1059,'238','Towels'
1060,'238','Towels'
1061,'238','Pants'
1062,'238','Shoes'
1063,'238','Keyboard'
1064,'238','Tuna'
1065,'238','Chair'
1066,'238','Bike'
1067,'238','Keyboard'
1068,'239','Tuna'
1069,'239','Computer'
1070,'239','Computer'
1071,'239','Pants'
1072,'240','Bacon'
1073,'240','Car'
1074,'240','Hat'
1075,'240','Hat'
1076,'240','Table'
1077,'240','Shirt'
1078,'242','Chips'
1079,'242','Fish'
1080,'242','Bike'
1081,'242','Bike'
1082,'242','Car'
1083,'242','Chicken'
1084,'242','Ball'
1085,'243','Cheese'
1086,'243','Ball'
1087,'243','Chips'
1088,'243','Mouse'
1089,'243','Tuna'
1090,'243','Bacon'
1091,'243','Hat'
1092,'244','Chicken'
1093,'244','Computer'
1094,'244','Bike'
1095,'244','Chair'
1096,'244','Mouse'
1097,'244','Chair'
1098,'244','Chair'
1099,'244','Pizza'
1100,'244','Keyboard'
1101,'245','Table'
1102,'246','Soap'
1103,'246','Shoes'
1104,'246','Computer'
1105,'246','Car'
1106,'246','Gloves'
1107,'246','Mouse'
1108,'246','Hat'
1109,'246','Car'
1110,'246','Hat'
1111,'247','Bike'
1112,'247','Chair'
1113,'247','Computer'
1114,'247','Shoes'
1115,'247','Hat'
1116,'249','Tuna'
1117,'249','Bacon'
1118,'250','Hat'
1119,'250','Mouse'
1120,'251','Shoes'
1121,'251','Mouse'
1122,'251','Bike'
1123,'251','Shoes'
1124,'251','Shirt'
1125,'251','Gloves'
1126,'252','Mouse'
1127,'252','Table'
1128,'253','Towels'
1129,'253','Table'
1130,'253','Shoes'
1131,'253','Salad'
1132,'254','Chips'
1133,'254','Fish'
1134,'254','Mouse'
1135,'254','Pants'
1136,'254','Hat'
1137,'254','Soap'
1138,'254','Computer'
1139,'255','Chair'
1140,'255','Car'
1141,'255','Computer'
1142,'255','Cheese'
1143,'256','Towels'
1144,'256','Gloves'
1145,'256','Mouse'
1146,'256','Bacon'
1147,'256','Pants'
1148,'256','Tuna'
1149,'256','Shoes'
1150,'256','Shoes'
1151,'256','Pants'
1152,'257','Shoes'
1153,'257','Ball'
1154,'257','Keyboard'
1155,'257','Cheese'
1156,'257','Bike'
1157,'258','Keyboard'
1158,'258','Keyboard'
1159,'258','Salad'
1160,'258','Sausages'
1161,'259','Keyboard'
1162,'259','Cheese'
1163,'259','Tuna'
1164,'259','Hat'
1165,'259','Shoes'
1166,'259','Pizza'
1167,'259','Car'
1168,'259','Towels'
1169,'260','Computer'
1170,'260','Tuna'
1171,'260','Tuna'
1172,'260','Soap'
1173,'261','Cheese'
1174,'261','Car'
1175,'261','Cheese'
1176,'261','Car'
1177,'262','Ball'
1178,'262','Pants'
1179,'262','Table'
1180,'263','Bike'
1181,'263','Hat'
1182,'263','Mouse'
1183,'263','Soap'
1184,'263','Shirt'
1185,'263','Keyboard'
1186,'263','Tuna'
1187,'264','Table'
1188,'264','Computer'
1189,'264','Chair'
1190,'264','Fish'
1191,'264','Chips'
1192,'264','Fish'
1193,'264','Chair'
1194,'264','Computer'
1195,'265','Chips'
1196,'266','Fish'
1197,'267','Car'
1198,'267','Keyboard'
1199,'267','Chair'
1200,'267','Bacon'
1201,'267','Gloves'
1202,'268','Chicken'
1203,'268','Shoes'
1204,'269','Ball'
1205,'269','Chicken'
1206,'270','Ball'
1207,'270','Tuna'
1208,'270','Mouse'
1209,'272','Chicken'
1210,'272','Shirt'
1211,'272','Chips'
1212,'272','Mouse'
1213,'272','Ball'
1214,'272','Mouse'
1215,'272','Chair'
1216,'272','Chips'
1217,'273','Cheese'
1218,'273','Chicken'
1219,'273','Computer'
1220,'273','Hat'
1221,'273','Tuna'
1222,'273','Bacon'
1223,'273','Hat'
1224,'274','Fish'
1225,'274','Shoes'
1226,'275','Bike'
1227,'276','Table'
1228,'276','Pants'
1229,'276','Keyboard'
1230,'276','Fish'
1231,'276','Chair'
1232,'277','Shirt'
1233,'277','Ball'
1234,'277','Pizza'
1235,'277','Chips'
1236,'277','Table'
1237,'277','Mouse'
1238,'278','Keyboard'
1239,'279','Salad'
1240,'279','Ball'
1241,'279','Shirt'
1242,'279','Bike'
1243,'279','Hat'
1244,'279','Pants'
1245,'279','Pants'
1246,'280','Pants'
1247,'281','Chair'
1248,'281','Chair'
1249,'281','Pants'
1250,'281','Mouse'
1251,'281','Ball'
1252,'281','Bacon'
1253,'281','Bike'
1254,'281','Pizza'
1255,'282','Tuna'
1256,'282','Salad'
1257,'282','Fish'
1258,'282','Computer'
1259,'282','Mouse'
1260,'282','Bacon'
1261,'284','Fish'
1262,'284','Table'
1263,'284','Shoes'
1264,'284','Chips'
1265,'285','Bike'
1266,'287','Salad'
1267,'287','Car'
1268,'287','Towels'
1269,'287','Pizza'
1270,'288','Bike'
1271,'290','Bacon'
1272,'290','Computer'
1273,'291','Ball'
1274,'291','Fish'
1275,'291','Pants'
1276,'291','Table'
1277,'291','Bike'
1278,'291','Pants'
1279,'291','Shoes'
1280,'292','Sausages'
1281,'293','Towels'
1282,'293','Keyboard'
1283,'293','Chips'
1284,'293','Chair'
1285,'293','Shirt'
1286,'293','Computer'
1287,'293','Soap'
1288,'294','Sausages'
1289,'294','Car'
1290,'294','Gloves'
1291,'294','Chicken'
1292,'294','Shoes'
1293,'294','Mouse'
1294,'294','Table'
1295,'294','Fish'
1296,'295','Sausages'
1297,'295','Bacon'
1298,'295','Gloves'
1299,'295','Pizza'
1300,'295','Soap'
1301,'296','Bacon'
1302,'296','Sausages'
1303,'296','Chicken'
1304,'296','Keyboard'
1305,'297','Keyboard'
1306,'297','Tuna'
1307,'297','Tuna'
1308,'298','Towels'
1309,'298','Pizza'
1310,'299','Tuna'
1311,'299','Pizza'
1312,'299','Chicken'
1313,'299','Salad'
1314,'299','Mouse'
1315,'299','Sausages'
1316,'299','Gloves'
1317,'300','Computer'
1318,'300','Fish'
1319,'300','Soap'
1320,'300','Towels'
1321,'300','Computer'
1322,'300','Gloves'
1323,'300','Bike'
1324,'300','Towels'
1325,'301','Towels'
1326,'301','Ball'
1327,'301','Towels'
1328,'301','Chair'
1329,'302','Tuna'
1330,'302','Hat'
1331,'302','Ball'
1332,'302','Mouse'
1333,'302','Sausages'
1334,'302','Computer'
1335,'302','Mouse'
1336,'303','Gloves'
1337,'303','Chips'
1338,'303','Bike'
1339,'303','Cheese'
1340,'303','Chips'
1341,'303','Chips'
1342,'304','Bacon'
1343,'305','Soap'
1344,'305','Table'
1345,'305','Chair'
1346,'305','Keyboard'
1347,'305','Towels'
1348,'305','Chips'
1349,'306','Car'
1350,'306','Cheese'
1351,'307','Bacon'
1352,'307','Pizza'
1353,'307','Chair'
1354,'307','Mouse'
1355,'307','Bacon'
1356,'307','Shirt'
1357,'308','Bike'
1358,'308','Hat'
1359,'308','Fish'
1360,'308','Bacon'
1361,'308','Mouse'
1362,'308','Shoes'
1363,'308','Computer'
1364,'309','Table'
1365,'309','Fish'
1366,'309','Computer'
1367,'310','Hat'
1368,'310','Car'
1369,'310','Chips'
1370,'310','Tuna'
1371,'310','Pants'
1372,'310','Ball'
1373,'310','Salad'
1374,'310','Chips'
1375,'310','Towels'
1376,'311','Chicken'
1377,'311','Sausages'
1378,'311','Gloves'
1379,'311','Mouse'
1380,'311','Pants'
1381,'311','Table'
1382,'312','Chair'
1383,'312','Car'
1384,'312','Bike'
1385,'312','Bacon'
1386,'313','Gloves'
1387,'313','Towels'
1388,'313','Pizza'
1389,'313','Mouse'
1390,'313','Pizza'
1391,'313','Computer'
1392,'314','Gloves'
1393,'314','Bacon'
1394,'314','Mouse'
1395,'314','Chicken'
1396,'314','Towels'
1397,'314','Bike'
1398,'316','Chips'
1399,'316','Fish'
1400,'316','Table'
1401,'316','Car'
1402,'316','Chicken'
1403,'316','Car'
1404,'317','Chair'
1405,'317','Chips'
1406,'317','Shoes'
1407,'317','Shirt'
1408,'317','Salad'
1409,'317','Chair'
1410,'317','Ball'
1411,'317','Computer'
1412,'318','Chair'
1413,'318','Soap'
1414,'318','Computer'
1415,'318','Towels'
1416,'318','Shoes'
1417,'318','Fish'
1418,'318','Keyboard'
1419,'318','Computer'
1420,'319','Keyboard'
1421,'319','Chicken'
1422,'320','Cheese'
1423,'320','Shirt'
1424,'320','Car'
1425,'320','Gloves'
1426,'320','Mouse'
1427,'320','Car'
1428,'320','Hat'
1429,'320','Gloves'
1430,'320','Car'
1431,'321','Gloves'
1432,'321','Chips'
1433,'322','Ball'
1434,'322','Bike'
1435,'322','Ball'
1436,'322','Chips'
1437,'324','Car'
1438,'324','Table'
1439,'324','Shirt'
1440,'324','Car'
1441,'324','Pizza'
1442,'324','Mouse'
1443,'325','Gloves'
1444,'326','Ball'
1445,'326','Bike'
1446,'326','Bike'
1447,'326','Shoes'
1448,'326','Shirt'
1449,'326','Computer'
1450,'326','Sausages'
1451,'327','Sausages'
1452,'327','Keyboard'
1453,'327','Hat'
1454,'327','Computer'
1455,'327','Pants'
1456,'328','Computer'
1457,'328','Chicken'
1458,'328','Shoes'
1459,'328','Chips'
1460,'328','Gloves'
1461,'328','Computer'
1462,'328','Pizza'
1463,'328','Mouse'
1464,'329','Sausages'
1465,'329','Mouse'
1466,'330','Sausages'
1467,'331','Keyboard'
1468,'331','Table'
1469,'331','Keyboard'
1470,'332','Pizza'
1471,'332','Keyboard'
1472,'332','Bike'
1473,'332','Computer'
1474,'332','Chair'
1475,'332','Soap'
1476,'332','Ball'
1477,'332','Gloves'
1478,'333','Sausages'
1479,'334','Hat'
1480,'334','Bacon'
1481,'334','Computer'
1482,'334','Tuna'
1483,'335','Computer'
1484,'335','Bike'
1485,'335','Table'
1486,'336','Chair'
1487,'336','Chips'
1488,'336','Sausages'
1489,'336','Car'
1490,'337','Chair'
1491,'337','Hat'
1492,'337','Table'
1493,'337','Salad'
1494,'337','Table'
1495,'337','Keyboard'
1496,'337','Tuna'
1497,'337','Computer'
1498,'339','Car'
1499,'339','Keyboard'
1500,'340','Ball'
1501,'341','Sausages'
1502,'341','Pizza'
1503,'342','Cheese'
1504,'342','Keyboard'
1505,'342','Salad'
1506,'343','Shoes'
1507,'343','Keyboard'
1508,'343','Shoes'
1509,'343','Computer'
1510,'343','Tuna'
1511,'344','Fish'
1512,'344','Bike'
1513,'344','Pizza'
1514,'344','Shoes'
1515,'344','Pizza'
1516,'344','Sausages'
1517,'344','Towels'
1518,'344','Bike'
1519,'344','Bacon'
1520,'345','Bacon'
1521,'346','Hat'
1522,'346','Computer'
1523,'346','Car'
1524,'346','Salad'
1525,'346','Bacon'
1526,'346','Tuna'
1527,'346','Pizza'
1528,'346','Gloves'
1529,'346','Table'
1530,'347','Keyboard'
1531,'347','Chicken'
1532,'347','Chicken'
1533,'347','Sausages'
1534,'347','Hat'
1535,'347','Sausages'
1536,'348','Bike'
1537,'348','Ball'
1538,'348','Chips'
1539,'348','Cheese'
1540,'348','Bike'
1541,'348','Pants'
1542,'349','Hat'
1543,'349','Computer'
1544,'349','Keyboard'
1545,'349','Computer'
1546,'349','Keyboard'
1547,'349','Mouse'
1548,'350','Soap'
1549,'350','Tuna'
1550,'350','Chips'
1551,'350','Chair'
1552,'350','Pants'
1553,'350','Soap'
1554,'351','Computer'
1555,'351','Keyboard'
1556,'351','Tuna'
1557,'351','Shirt'
1558,'351','Cheese'
1559,'351','Mouse'
1560,'351','Towels'
1561,'352','Towels'
1562,'352','Hat'
1563,'352','Bacon'
1564,'352','Car'
1565,'352','Computer'
1566,'353','Tuna'
1567,'353','Gloves'
1568,'353','Salad'
1569,'353','Mouse'
1570,'353','Sausages'
1571,'353','Towels'
1572,'353','Shirt'
1573,'353','Bacon'
1574,'354','Shirt'
1575,'354','Soap'
1576,'354','Shirt'
1577,'354','Chips'
1578,'354','Ball'
1579,'354','Table'
1580,'354','Bacon'
1581,'355','Pizza'
1582,'355','Soap'
1583,'355','Chair'
1584,'355','Salad'
1585,'355','Tuna'
1586,'355','Pizza'
1587,'355','Hat'
1588,'355','Shoes'
1589,'356','Gloves'
1590,'357','Mouse'
1591,'357','Bacon'
1592,'358','Chips'
1593,'358','Sausages'
1594,'358','Car'
1595,'358','Car'
1596,'358','Bike'
1597,'358','Chicken'
1598,'360','Fish'
1599,'360','Fish'
1600,'360','Towels'
1601,'360','Cheese'
1602,'360','Tuna'
1603,'360','Mouse'
1604,'360','Tuna'
1605,'360','Cheese'
1606,'361','Keyboard'
1607,'361','Keyboard'
1608,'361','Fish'
1609,'362','Keyboard'
1610,'362','Mouse'
1611,'362','Mouse'
1612,'362','Gloves'
1613,'362','Ball'
1614,'362','Sausages'
1615,'362','Car'
1616,'363','Keyboard'
1617,'364','Table'
1618,'364','Bike'
1619,'364','Fish'
1620,'364','Pizza'
1621,'364','Salad'
1622,'364','Pizza'
1623,'364','Car'
1624,'365','Pants'
1625,'365','Pants'
1626,'365','Hat'
1627,'365','Shoes'
1628,'365','Cheese'
1629,'365','Ball'
1630,'365','Sausages'
1631,'365','Tuna'
1632,'366','Cheese'
1633,'366','Soap'
1634,'366','Salad'
1635,'366','Hat'
1636,'367','Pizza'
1637,'367','Chicken'
1638,'367','Shirt'
1639,'368','Bike'
1640,'368','Bacon'
1641,'368','Hat'
1642,'368','Chair'
1643,'368','Mouse'
1644,'369','Pants'
1645,'369','Fish'
1646,'369','Car'
1647,'369','Table'
1648,'369','Bacon'
1649,'369','Salad'
1650,'369','Cheese'
1651,'370','Chicken'
1652,'370','Bike'
1653,'370','Chair'
1654,'371','Keyboard'
1655,'371','Pizza'
1656,'372','Ball'
1657,'372','Shoes'
1658,'373','Tuna'
1659,'373','Computer'
1660,'374','Bike'
1661,'374','Pizza'
1662,'375','Pants'
1663,'375','Sausages'
1664,'376','Bacon'
1665,'376','Pants'
1666,'376','Shirt'
1667,'376','Soap'
1668,'376','Tuna'
1669,'376','Mouse'
1670,'376','Chicken'
1671,'376','Hat'
1672,'377','Sausages'
1673,'377','Hat'
1674,'377','Table'
1675,'378','Shoes'
1676,'378','Bike'
1677,'378','Bike'
1678,'378','Towels'
1679,'378','Table'
1680,'378','Chips'
1681,'378','Shoes'
1682,'378','Tuna'
1683,'380','Pizza'
1684,'380','Table'
1685,'380','Shoes'
1686,'380','Bacon'
1687,'380','Shirt'
1688,'380','Hat'
1689,'380','Chicken'
1690,'380','Mouse'
1691,'380','Ball'
1692,'381','Cheese'
1693,'382','Keyboard'
1694,'382','Keyboard'
1695,'382','Pizza'
1696,'382','Fish'
1697,'382','Towels'
1698,'383','Hat'
1699,'383','Fish'
1700,'383','Chips'
1701,'383','Shirt'
1702,'383','Soap'
1703,'384','Shirt'
1704,'384','Pants'
1705,'384','Chair'
1706,'384','Ball'
1707,'384','Cheese'
1708,'384','Salad'
1709,'384','Fish'
1710,'384','Shirt'
1711,'385','Computer'
1712,'385','Pants'
1713,'385','Chicken'
1714,'385','Cheese'
1715,'385','Mouse'
1716,'385','Hat'
1717,'385','Tuna'
1718,'385','Chicken'
1719,'385','Salad'
1720,'386','Chips'
1721,'387','Pants'
1722,'387','Cheese'
1723,'387','Car'
1724,'387','Salad'
1725,'388','Chicken'
1726,'388','Fish'
1727,'388','Soap'
1728,'388','Chips'
1729,'388','Chair'
1730,'389','Salad'
1731,'389','Fish'
1732,'389','Pizza'
1733,'389','Keyboard'
1734,'390','Keyboard'
1735,'390','Pants'
1736,'390','Chicken'
1737,'390','Chips'
1738,'390','Gloves'
1739,'390','Sausages'
1740,'390','Chips'
1741,'390','Shoes'
1742,'391','Soap'
1743,'391','Pants'
1744,'391','Shirt'
1745,'391','Car'
1746,'391','Tuna'
1747,'391','Gloves'
1748,'391','Mouse'
1749,'392','Mouse'
1750,'392','Chips'
1751,'392','Fish'
1752,'392','Table'
1753,'393','Table'
1754,'393','Keyboard'
1755,'393','Table'
1756,'393','Ball'
1757,'394','Ball'
1758,'394','Sausages'
1759,'394','Hat'
1760,'394','Sausages'
1761,'394','Towels'
1762,'394','Soap'
1763,'395','Cheese'
1764,'395','Mouse'
1765,'395','Tuna'
1766,'395','Gloves'
1767,'396','Tuna'
1768,'396','Pants'
1769,'396','Chips'
1770,'397','Pants'
1771,'397','Ball'
1772,'397','Keyboard'
1773,'397','Pizza'
1774,'397','Computer'
1775,'397','Hat'
1776,'397','Pants'
1777,'397','Salad'
1778,'399','Bacon'
1779,'399','Pants'
1780,'399','Bacon'
1781,'399','Chair'
1782,'399','Car'
1783,'399','Sausages'
1784,'399','Bacon'
1785,'399','Hat'
1786,'399','Pizza'
1787,'400','Shirt'
1788,'400','Keyboard'
1789,'400','Chair'
1790,'400','Chair'
1791,'401','Bike'
1792,'401','Pizza'
1793,'401','Soap'
1794,'401','Fish'
1795,'402','Tuna'
1796,'402','Mouse'
1797,'402','Pants'
1798,'402','Chair'
1799,'402','Car'
1800,'402','Pizza'
1801,'403','Pants'
1802,'403','Hat'
1803,'403','Chips'
1804,'403','Soap'
1805,'403','Towels'
1806,'404','Sausages'
1807,'404','Tuna'
1808,'404','Mouse'
1809,'404','Keyboard'
1810,'404','Soap'
1811,'404','Gloves'
1812,'405','Sausages'
1813,'405','Pants'
1814,'405','Fish'
1815,'405','Soap'
1816,'407','Pants'
1817,'407','Chicken'
1818,'407','Hat'
1819,'407','Cheese'
1820,'407','Keyboard'
1821,'407','Pizza'
1822,'407','Pizza'
1823,'409','Soap'
1824,'409','Bike'
1825,'409','Bike'
1826,'409','Chips'
1827,'409','Pizza'
1828,'409','Chair'
1829,'409','Mouse'
1830,'409','Sausages'
1831,'410','Chair'
1832,'410','Computer'
1833,'410','Cheese'
1834,'410','Keyboard'
1835,'410','Towels'
1836,'410','Soap'
1837,'411','Salad'
1838,'411','Soap'
1839,'411','Car'
1840,'412','Chips'
1841,'412','Mouse'
1842,'412','Table'
1843,'412','Bike'
1844,'412','Ball'
1845,'412','Bike'
1846,'413','Tuna'
1847,'413','Pants'
1848,'413','Sausages'
1849,'414','Shoes'
1850,'414','Keyboard'
1851,'414','Table'
1852,'414','Hat'
1853,'414','Computer'
1854,'415','Chicken'
1855,'415','Sausages'
1856,'415','Bacon'
1857,'415','Chair'
1858,'416','Soap'
1859,'416','Pants'
1860,'416','Shoes'
1861,'416','Shoes'
1862,'416','Mouse'
1863,'416','Bike'
1864,'416','Tuna'
1865,'417','Sausages'
1866,'417','Cheese'
1867,'417','Towels'
1868,'418','Chips'
1869,'418','Keyboard'
1870,'419','Tuna'
1871,'419','Chicken'
1872,'419','Computer'
1873,'419','Shirt'
1874,'419','Mouse'
1875,'419','Cheese'
1876,'420','Soap'
1877,'420','Salad'
1878,'420','Shoes'
1879,'420','Bike'
1880,'420','Pants'
1881,'420','Computer'
1882,'420','Salad'
1883,'421','Shirt'
1884,'421','Pizza'
1885,'421','Computer'
1886,'422','Pizza'
1887,'422','Hat'
1888,'422','Bike'
1889,'422','Chicken'
1890,'422','Fish'
1891,'422','Pants'
1892,'422','Shirt'
1893,'423','Towels'
1894,'423','Computer'
1895,'423','Gloves'
1896,'423','Shirt'
1897,'423','Shoes'
1898,'423','Computer'
1899,'423','Bike'
1900,'423','Tuna'
1901,'423','Bike'
1902,'424','Soap'
1903,'424','Salad'
1904,'424','Keyboard'
1905,'425','Pants'
1906,'425','Pants'
1907,'425','Sausages'
1908,'426','Bacon'
1909,'426','Fish'
1910,'426','Salad'
1911,'426','Tuna'
1912,'426','Ball'
1913,'426','Gloves'
1914,'426','Tuna'
1915,'427','Chips'
1916,'427','Soap'
1917,'427','Chicken'
1918,'427','Keyboard'
1919,'427','Soap'
1920,'427','Chips'
1921,'427','Table'
1922,'428','Computer'
1923,'428','Chips'
1924,'428','Hat'
1925,'429','Shirt'
1926,'430','Towels'
1927,'430','Chair'
1928,'431','Cheese'
1929,'431','Pizza'
1930,'431','Hat'
1931,'431','Chips'
1932,'431','Gloves'
1933,'431','Mouse'
1934,'431','Keyboard'
1935,'431','Gloves'
1936,'431','Tuna'
1937,'432','Shirt'
1938,'432','Soap'
1939,'432','Salad'
1940,'432','Chicken'
1941,'432','Sausages'
1942,'432','Keyboard'
1943,'432','Chicken'
1944,'435','Sausages'
1945,'435','Hat'
1946,'435','Tuna'
1947,'435','Soap'
1948,'435','Bike'
1949,'435','Shoes'
1950,'435','Bacon'
1951,'436','Tuna'
1952,'436','Chicken'
1953,'436','Hat'
1954,'436','Salad'
1955,'436','Bike'
1956,'436','Hat'
1957,'436','Pants'
1958,'436','Car'
1959,'436','Bacon'
1960,'437','Shoes'
1961,'437','Table'
1962,'437','Soap'
1963,'437','Fish'
1964,'437','Gloves'
1965,'438','Bike'
1966,'438','Pizza'
1967,'438','Chair'
1968,'438','Chair'
1969,'438','Bacon'
1970,'438','Gloves'
1971,'438','Ball'
1972,'439','Pants'
1973,'440','Bike'
1974,'440','Keyboard'
1975,'440','Chair'
1976,'441','Shoes'
1977,'441','Tuna'
1978,'441','Towels'
1979,'441','Soap'
1980,'441','Bacon'
1981,'441','Bike'
1982,'443','Bike'
1983,'443','Chair'
1984,'443','Computer'
1985,'443','Soap'
1986,'444','Cheese'
1987,'444','Mouse'
1988,'444','Shirt'
1989,'444','Chicken'
1990,'444','Keyboard'
1991,'445','Mouse'
1992,'445','Soap'
1993,'446','Sausages'
1994,'446','Sausages'
1995,'446','Bike'
1996,'446','Fish'
1997,'446','Shoes'
1998,'446','Shoes'
1999,'446','Soap'
2000,'446','Gloves'
2001,'447','Keyboard'
2002,'447','Pizza'
2003,'447','Tuna'
2004,'448','Towels'
2005,'448','Tuna'
2006,'448','Bike'
2007,'449','Chicken'
2008,'449','Bike'
2009,'449','Car'
2010,'449','Table'
2011,'450','Chips'
2012,'450','Fish'
2013,'450','Chips'
2014,'450','Salad'
2015,'450','Tuna'
2016,'450','Chicken'
2017,'451','Sausages'
2018,'451','Sausages'
2019,'451','Pizza'
2020,'452','Mouse'
2021,'452','Shoes'
2022,'452','Hat'
2023,'452','Chicken'
2024,'452','Fish'
2025,'452','Ball'
2026,'452','Car'
2027,'452','Towels'
2028,'452','Shirt'
2029,'453','Ball'
2030,'454','Bacon'
2031,'454','Pizza'
2032,'454','Tuna'
2033,'455','Shirt'
2034,'455','Gloves'
2035,'455','Cheese'
2036,'455','Salad'
2037,'455','Hat'
2038,'455','Shirt'
2039,'456','Sausages'
2040,'456','Shirt'
2041,'456','Mouse'
2042,'456','Tuna'
2043,'456','Tuna'
2044,'456','Bike'
2045,'457','Pizza'
2046,'457','Cheese'
2047,'457','Pants'
2048,'457','Table'
2049,'457','Chips'
2050,'457','Towels'
2051,'457','Shirt'
2052,'457','Pizza'
2053,'457','Chair'
2054,'458','Chair'
2055,'458','Cheese'
2056,'458','Chicken'
2057,'458','Tuna'
2058,'458','Keyboard'
2059,'458','Soap'
2060,'458','Chicken'
2061,'459','Towels'
2062,'459','Pizza'
2063,'460','Cheese'
2064,'460','Fish'
2065,'460','Tuna'
2066,'460','Towels'
2067,'460','Sausages'
2068,'460','Computer'
2069,'460','Tuna'
2070,'460','Computer'
2071,'460','Pants'
2072,'461','Keyboard'
2073,'461','Pizza'
2074,'461','Hat'
2075,'461','Shoes'
2076,'462','Bike'
2077,'462','Shoes'
2078,'462','Soap'
2079,'462','Car'
2080,'462','Bacon'
2081,'462','Pizza'
2082,'463','Towels'
2083,'463','Cheese'
2084,'463','Gloves'
2085,'463','Pizza'
2086,'463','Gloves'
2087,'463','Chair'
2088,'465','Shoes'
2089,'466','Shirt'
2090,'466','Chicken'
2091,'466','Keyboard'
2092,'466','Shirt'
2093,'467','Towels'
2094,'467','Hat'
2095,'467','Chicken'
2096,'467','Hat'
2097,'467','Car'
2098,'467','Bacon'
2099,'467','Keyboard'
2100,'467','Table'
2101,'467','Pizza'
2102,'468','Bacon'
2103,'468','Bike'
2104,'468','Chips'
2105,'468','Sausages'
2106,'468','Gloves'
2107,'469','Car'
2108,'469','Pants'
2109,'469','Sausages'
2110,'469','Bacon'
2111,'469','Hat'
2112,'469','Bacon'
2113,'470','Car'
2114,'470','Table'
2115,'470','Tuna'
2116,'471','Hat'
2117,'471','Cheese'
2118,'471','Keyboard'
2119,'471','Mouse'
2120,'471','Pizza'
2121,'471','Mouse'
2122,'471','Chair'
2123,'471','Car'
2124,'471','Salad'
2125,'472','Fish'
2126,'472','Car'
2127,'472','Towels'
2128,'473','Cheese'
2129,'473','Computer'
2130,'473','Fish'
2131,'473','Tuna'
2132,'473','Bike'
2133,'474','Bacon'
2134,'474','Towels'
2135,'474','Keyboard'
2136,'475','Chicken'
2137,'475','Keyboard'
2138,'475','Hat'
2139,'475','Bacon'
2140,'475','Gloves'
2141,'475','Salad'
2142,'475','Pants'
2143,'475','Keyboard'
2144,'475','Towels'
2145,'476','Computer'
2146,'476','Pizza'
2147,'476','Mouse'
2148,'476','Chair'
2149,'476','Chips'
2150,'476','Gloves'
2151,'476','Bike'
2152,'476','Cheese'
2153,'478','Fish'
2154,'478','Salad'
2155,'478','Computer'
2156,'478','Ball'
2157,'478','Tuna'
2158,'478','Towels'
2159,'480','Cheese'
2160,'480','Pizza'
2161,'480','Fish'
2162,'480','Mouse'
2163,'480','Chicken'
2164,'480','Chips'
2165,'481','Pants'
2166,'481','Ball'
2167,'481','Chair'
2168,'481','Chips'
2169,'481','Pants'
2170,'481','Cheese'
2171,'482','Mouse'
2172,'482','Sausages'
2173,'482','Cheese'
2174,'482','Keyboard'
2175,'482','Chicken'
2176,'482','Bike'
2177,'482','Pants'
2178,'483','Keyboard'
2179,'483','Cheese'
2180,'483','Sausages'
2181,'483','Table'
2182,'483','Keyboard'
2183,'483','Computer'
2184,'483','Bacon'
2185,'483','Mouse'
2186,'483','Fish'
2187,'484','Bike'
2188,'484','Shoes'
2189,'484','Shirt'
2190,'484','Chair'
2191,'484','Hat'
2192,'484','Bacon'
2193,'484','Mouse'
2194,'484','Chicken'
2195,'485','Table'
2196,'485','Car'
2197,'485','Pizza'
2198,'485','Table'
2199,'485','Hat'
2200,'485','Hat'
2201,'485','Tuna'
2202,'485','Keyboard'
2203,'485','Bike'
2204,'486','Car'
2205,'486','Mouse'
2206,'486','Keyboard'
2207,'486','Ball'
2208,'487','Shoes'
2209,'487','Car'
2210,'487','Sausages'
2211,'488','Fish'
2212,'488','Fish'
2213,'488','Shoes'
2214,'488','Table'
2215,'489','Mouse'
2216,'489','Chicken'
2217,'490','Chair'
2218,'490','Fish'
2219,'490','Salad'
2220,'490','Mouse'
2221,'490','Mouse'
2222,'490','Shirt'
2223,'490','Shoes'
2224,'491','Pizza'
2225,'491','Shirt'
2226,'491','Chicken'
2227,'491','Gloves'
2228,'491','Gloves'
2229,'491','Sausages'
2230,'491','Keyboard'
2231,'492','Shoes'
2232,'492','Computer'
2233,'492','Pizza'
2234,'493','Shoes'
2235,'493','Computer'
2236,'493','Keyboard'
2237,'493','Sausages'
2238,'493','Towels'
2239,'493','Pizza'
2240,'493','Chair'
2241,'493','Table'
2242,'494','Ball'
2243,'494','Chips'
2244,'494','Car'
2245,'494','Tuna'
2246,'494','Pants'
2247,'494','Sausages'
2248,'494','Salad'
2249,'494','Bike'
2250,'495','Towels'
2251,'495','Keyboard'
2252,'495','Computer'
2253,'495','Keyboard'
2254,'495','Ball'
2255,'495','Bacon'
2256,'496','Shirt'
2257,'496','Salad'
2258,'496','Fish'
2259,'496','Sausages'
2260,'496','Shoes'
2261,'496','Gloves'
2262,'496','Chips'
2263,'496','Ball'
2264,'497','Hat'
2265,'497','Soap'
2266,'497','Bike'
2267,'497','Salad'
2268,'497','Salad'
2269,'497','Keyboard'
2270,'497','Shoes'
2271,'498','Chips'
2272,'498','Chips'
2273,'498','Ball'
2274,'498','Mouse'
2275,'498','Cheese'
2276,'499','Salad'
2277,'499','Ball'
2278,'499','Sausages'
2279,'499','Chair'
2280,'499','Car'
2281,'499','Bike'
2282,'500','Towels'
2283,'501','Keyboard'
2284,'501','Cheese'
2285,'501','Computer'
2286,'501','Pizza'
2287,'501','Mouse'
2288,'501','Pizza'
2289,'501','Shirt'
2290,'503','Shoes'
2291,'503','Chicken'
2292,'503','Bike'
2293,'503','Chips'
2294,'503','Chicken'
2295,'504','Towels'
2296,'504','Shoes'
2297,'504','Cheese'
2298,'504','Computer'
2299,'504','Bike'
2300,'504','Shirt'
2301,'506','Table'
2302,'507','Bike'
2303,'507','Chips'
2304,'507','Tuna'
2305,'507','Tuna'
2306,'507','Computer'
2307,'507','Bacon'
2308,'507','Hat'
2309,'507','Hat'
2310,'507','Pants'
2311,'508','Hat'
2312,'508','Bike'
2313,'508','Towels'
2314,'509','Shoes'
2315,'509','Chair'
2316,'509','Pants'
2317,'510','Sausages'
2318,'510','Soap'
2319,'510','Chips'
2320,'510','Shoes'
2321,'510','Pants'
2322,'511','Sausages'
2323,'511','Salad'
2324,'511','Fish'
2325,'511','Bike'
2326,'511','Pizza'
2327,'511','Table'
2328,'512','Fish'
2329,'513','Gloves'
2330,'513','Pizza'
2331,'514','Keyboard'
2332,'514','Sausages'
2333,'514','Shoes'
2334,'514','Ball'
2335,'514','Chair'
2336,'514','Chicken'
2337,'514','Table'
2338,'515','Shirt'
2339,'515','Hat'
2340,'515','Sausages'
2341,'515','Tuna'
2342,'516','Pizza'
2343,'516','Shirt'
2344,'516','Chair'
2345,'516','Bacon'
2346,'517','Car'
2347,'517','Chair'
2348,'518','Computer'
2349,'518','Hat'
2350,'518','Keyboard'
2351,'518','Chicken'
2352,'518','Pants'
2353,'518','Chair'
2354,'519','Fish'
2355,'519','Ball'
2356,'519','Mouse'
2357,'520','Chair'
2358,'520','Soap'
2359,'520','Bacon'
2360,'520','Hat'
2361,'520','Fish'
2362,'520','Pants'
2363,'520','Pizza'
2364,'521','Car'
2365,'521','Soap'
2366,'521','Cheese'
2367,'521','Pants'
2368,'521','Computer'
2369,'521','Car'
2370,'522','Bacon'
2371,'522','Car'
2372,'522','Towels'
2373,'522','Shoes'
2374,'522','Tuna'
2375,'522','Chicken'
2376,'523','Hat'
2377,'523','Cheese'
2378,'523','Bike'
2379,'524','Sausages'
2380,'524','Soap'
2381,'524','Ball'
2382,'524','Mouse'
2383,'524','Fish'
2384,'527','Table'
2385,'527','Pizza'
2386,'527','Shoes'
2387,'527','Chair'
2388,'527','Chips'
2389,'527','Computer'
2390,'528','Table'
2391,'529','Hat'
2392,'529','Tuna'
2393,'529','Computer'
2394,'530','Chips'
2395,'530','Ball'
2396,'530','Sausages'
2397,'531','Salad'
2398,'531','Chicken'
2399,'531','Chair'
2400,'531','Keyboard'
2401,'531','Car'
2402,'531','Salad'
2403,'531','Table'
2404,'531','Sausages'
2405,'532','Shoes'
2406,'532','Soap'
2407,'532','Computer'
2408,'532','Salad'
2409,'532','Car'
2410,'532','Chips'
2411,'532','Mouse'
2412,'533','Keyboard'
2413,'534','Ball'
2414,'534','Table'
2415,'534','Chicken'
2416,'534','Sausages'
2417,'534','Chips'
2418,'534','Computer'
2419,'536','Pizza'
2420,'536','Gloves'
2421,'536','Ball'
2422,'536','Car'
2423,'537','Bacon'
2424,'537','Soap'
2425,'537','Shirt'
2426,'538','Fish'
2427,'538','Table'
2428,'538','Chips'
2429,'538','Keyboard'
2430,'538','Car'
2431,'538','Bike'
2432,'538','Ball'
2433,'538','Salad'
2434,'539','Car'
2435,'539','Pants'
2436,'539','Soap'
2437,'539','Bacon'
2438,'539','Gloves'
2439,'540','Sausages'
2440,'540','Towels'
2441,'540','Towels'
2442,'540','Bacon'
2443,'540','Pants'
2444,'540','Chicken'
2445,'540','Bike'
2446,'540','Ball'
2447,'540','Bacon'
2448,'541','Chair'
2449,'541','Tuna'
2450,'541','Ball'
2451,'541','Mouse'
2452,'541','Hat'
2453,'541','Pizza'
2454,'541','Shoes'
2455,'541','Sausages'
2456,'541','Shoes'
2457,'542','Fish'
2458,'542','Chair'
2459,'542','Tuna'
2460,'542','Pants'
2461,'542','Keyboard'
2462,'543','Mouse'
2463,'543','Pizza'
2464,'543','Table'
2465,'543','Bacon'
2466,'543','Pants'
2467,'543','Shirt'
2468,'543','Bacon'
2469,'545','Chips'
2470,'545','Fish'
2471,'545','Mouse'
2472,'545','Ball'
2473,'545','Salad'
2474,'545','Tuna'
2475,'545','Bike'
2476,'545','Pants'
2477,'546','Keyboard'
2478,'546','Cheese'
2479,'546','Soap'
2480,'546','Tuna'
2481,'547','Towels'
2482,'548','Cheese'
2483,'548','Hat'
2484,'551','Soap'
2485,'551','Hat'
2486,'551','Hat'
2487,'551','Pants'
2488,'551','Chips'
2489,'551','Soap'
2490,'553','Chicken'
2491,'553','Table'
2492,'553','Keyboard'
2493,'553','Gloves'
2494,'553','Sausages'
2495,'553','Chicken'
2496,'553','Towels'
2497,'554','Chair'
2498,'555','Pizza'
2499,'555','Hat'
2500,'555','Chair'
2501,'555','Salad'
2502,'556','Cheese'
2503,'556','Car'
2504,'557','Tuna'
2505,'557','Keyboard'
2506,'557','Keyboard'
2507,'557','Soap'
2508,'558','Salad'
2509,'558','Bike'
2510,'558','Table'
2511,'558','Hat'
2512,'558','Chips'
2513,'558','Bike'
2514,'559','Table'
2515,'559','Pizza'
2516,'559','Pants'
2517,'559','Shirt'
2518,'560','Chips'
2519,'561','Cheese'
2520,'561','Tuna'
2521,'561','Towels'
2522,'561','Sausages'
2523,'561','Chips'
2524,'561','Cheese'
2525,'561','Pants'
2526,'561','Pizza'
2527,'562','Hat'
2528,'562','Shoes'
2529,'562','Towels'
2530,'562','Bacon'
2531,'562','Cheese'
2532,'562','Salad'
2533,'562','Bacon'
2534,'563','Salad'
2535,'563','Chips'
2536,'563','Cheese'
2537,'563','Chair'
2538,'564','Chicken'
2539,'564','Soap'
2540,'564','Table'
2541,'564','Soap'
2542,'564','Car'
2543,'564','Chicken'
2544,'564','Tuna'
2545,'564','Bike'
2546,'564','Mouse'
2547,'565','Chair'
2548,'565','Cheese'
2549,'566','Soap'
2550,'567','Cheese'
2551,'567','Gloves'
2552,'567','Salad'
2553,'567','Salad'
2554,'567','Chicken'
2555,'567','Chair'
2556,'567','Table'
2557,'567','Keyboard'
2558,'568','Car'
2559,'568','Cheese'
2560,'569','Pants'
2561,'569','Shoes'
2562,'569','Salad'
2563,'570','Car'
2564,'570','Towels'
2565,'572','Chair'
2566,'572','Soap'
2567,'572','Pizza'
2568,'572','Chips'
2569,'572','Shoes'
2570,'572','Hat'
2571,'572','Hat'
2572,'573','Bike'
2573,'573','Chicken'
2574,'573','Salad'
2575,'573','Chair'
2576,'573','Chips'
2577,'573','Shoes'
2578,'575','Salad'
2579,'575','Gloves'
2580,'575','Pants'
2581,'575','Computer'
2582,'575','Salad'
2583,'575','Fish'
2584,'575','Chicken'
2585,'575','Car'
2586,'575','Towels'
2587,'576','Soap'
2588,'576','Keyboard'
2589,'576','Pants'
2590,'576','Towels'
2591,'576','Table'
2592,'576','Keyboard'
2593,'576','Computer'
2594,'576','Cheese'
2595,'577','Table'
2596,'577','Mouse'
2597,'577','Hat'
2598,'577','Shoes'
2599,'577','Shirt'
2600,'577','Chair'
2601,'579','Chicken'
2602,'579','Soap'
2603,'580','Soap'
2604,'580','Gloves'
2605,'580','Pizza'
2606,'580','Keyboard'
2607,'580','Pants'
2608,'580','Fish'
2609,'580','Table'
2610,'580','Fish'
2611,'581','Pants'
2612,'581','Mouse'
2613,'582','Sausages'
2614,'582','Chair'
2615,'582','Towels'
2616,'582','Hat'
2617,'582','Computer'
2618,'582','Salad'
2619,'583','Towels'
2620,'583','Chair'
2621,'583','Computer'
2622,'584','Shoes'
2623,'584','Ball'
2624,'585','Cheese'
2625,'586','Mouse'
2626,'587','Ball'
2627,'587','Chair'
2628,'587','Table'
2629,'587','Car'
2630,'587','Table'
2631,'587','Pizza'
2632,'587','Soap'
2633,'587','Towels'
2634,'587','Bacon'
2635,'588','Pants'
2636,'588','Salad'
2637,'588','Bike'
2638,'588','Pizza'
2639,'588','Keyboard'
2640,'588','Computer'
2641,'588','Gloves'
2642,'589','Chicken'
2643,'589','Car'
2644,'589','Hat'
2645,'589','Fish'
2646,'591','Towels'
2647,'591','Tuna'
2648,'591','Chair'
2649,'591','Table'
2650,'592','Table'
2651,'592','Table'
2652,'592','Gloves'
2653,'592','Shoes'
2654,'592','Fish'
2655,'593','Pants'
2656,'594','Chair'
2657,'594','Chips'
2658,'594','Gloves'
2659,'594','Ball'
2660,'594','Chips'
2661,'595','Cheese'
2662,'595','Shirt'
2663,'595','Chicken'
2664,'595','Chips'
2665,'595','Keyboard'
2666,'595','Ball'
2667,'595','Bacon'
2668,'596','Computer'
2669,'596','Hat'
2670,'596','Chair'
2671,'596','Sausages'
2672,'596','Computer'
2673,'596','Chair'
2674,'596','Soap'
2675,'596','Shirt'
2676,'597','Shirt'
2677,'597','Chips'
2678,'597','Pizza'
2679,'597','Ball'
2680,'597','Computer'
2681,'597','Salad'
2682,'597','Bike'
2683,'597','Fish'
2684,'597','Bacon'
2685,'598','Shoes'
2686,'598','Chair'
2687,'598','Sausages'
2688,'598','Sausages'
2689,'598','Computer'
2690,'598','Sausages'
2691,'598','Chicken'
2692,'599','Ball'
2693,'600','Table'
2694,'600','Salad'
2695,'600','Bike'
2696,'600','Bike'
2697,'600','Fish'
2698,'601','Car'
2699,'601','Soap'
2700,'601','Hat'
2701,'601','Hat'
2702,'601','Computer'
2703,'601','Chair'
2704,'601','Gloves'
2705,'602','Ball'
2706,'602','Cheese'
2707,'603','Shirt'
2708,'603','Chair'
2709,'603','Shirt'
2710,'604','Pants'
2711,'604','Chips'
2712,'604','Sausages'
2713,'604','Chicken'
2714,'605','Gloves'
2715,'605','Keyboard'
2716,'606','Mouse'
2717,'606','Hat'
2718,'606','Soap'
2719,'606','Pizza'
2720,'606','Chair'
2721,'606','Soap'
2722,'606','Chips'
2723,'608','Sausages'
2724,'608','Chips'
2725,'608','Bacon'
2726,'608','Car'
2727,'608','Chicken'
2728,'609','Computer'
2729,'609','Chips'
2730,'609','Pants'
2731,'610','Soap'
2732,'610','Pants'
2733,'610','Bacon'
2734,'610','Cheese'
2735,'610','Keyboard'
2736,'610','Shirt'
2737,'610','Chips'
2738,'610','Soap'
2739,'610','Towels'
2740,'612','Sausages'
2741,'612','Shoes'
2742,'612','Salad'
2743,'612','Chips'
2744,'612','Salad'
2745,'613','Salad'
2746,'613','Chicken'
2747,'613','Gloves'
2748,'613','Ball'
2749,'613','Table'
2750,'614','Chips'
2751,'614','Mouse'
2752,'614','Soap'
2753,'614','Pants'
2754,'614','Computer'
2755,'614','Chair'
2756,'614','Shoes'
2757,'614','Sausages'
2758,'615','Bacon'
2759,'615','Pants'
2760,'615','Bike'
2761,'615','Pants'
2762,'615','Sausages'
2763,'616','Towels'
2764,'616','Bike'
2765,'616','Bike'
2766,'619','Towels'
2767,'619','Hat'
2768,'619','Pants'
2769,'620','Towels'
2770,'621','Soap'
2771,'622','Chair'
2772,'622','Computer'
2773,'622','Car'
2774,'622','Towels'
2775,'622','Pizza'
2776,'623','Tuna'
2777,'623','Towels'
2778,'623','Pants'
2779,'623','Soap'
2780,'623','Fish'
2781,'623','Hat'
2782,'624','Table'
2783,'624','Keyboard'
2784,'624','Bacon'
2785,'624','Hat'
2786,'624','Tuna'
2787,'624','Pizza'
2788,'625','Pizza'
2789,'625','Cheese'
2790,'625','Computer'
2791,'627','Mouse'
2792,'627','Chair'
2793,'627','Keyboard'
2794,'629','Pants'
2795,'629','Bike'
2796,'629','Sausages'
2797,'629','Tuna'
2798,'629','Towels'
2799,'629','Cheese'
2800,'629','Chair'
2801,'630','Chicken'
2802,'630','Chips'
2803,'630','Keyboard'
2804,'630','Shirt'
2805,'630','Shirt'
2806,'630','Chair'
2807,'630','Cheese'
2808,'630','Hat'
2809,'631','Soap'
2810,'631','Tuna'
2811,'631','Tuna'
2812,'631','Soap'
2813,'632','Table'
2814,'632','Salad'
2815,'632','Bacon'
2816,'632','Sausages'
2817,'633','Shoes'
2818,'633','Ball'
2819,'633','Bike'
2820,'633','Towels'
2821,'633','Chicken'
2822,'635','Ball'
2823,'635','Chips'
2824,'635','Computer'
2825,'635','Towels'
2826,'635','Bacon'
2827,'635','Fish'
2828,'637','Gloves'
2829,'637','Computer'
2830,'637','Computer'
2831,'637','Chicken'
2832,'638','Chair'
2833,'638','Chicken'
2834,'638','Hat'
2835,'638','Table'
2836,'638','Chair'
2837,'638','Fish'
2838,'638','Salad'
2839,'638','Bike'
2840,'639','Chair'
2841,'639','Soap'
2842,'639','Ball'
2843,'639','Chicken'
2844,'639','Keyboard'
2845,'639','Cheese'
2846,'639','Sausages'
2847,'640','Salad'
2848,'640','Table'
2849,'641','Shoes'
2850,'641','Ball'
2851,'641','Table'
2852,'641','Soap'
2853,'641','Chair'
2854,'641','Cheese'
2855,'641','Fish'
2856,'642','Chicken'
2857,'642','Salad'
2858,'642','Keyboard'
2859,'642','Table'
2860,'643','Pizza'
2861,'643','Salad'
2862,'643','Chair'
2863,'643','Tuna'
2864,'644','Chips'
2865,'645','Bacon'
2866,'645','Salad'
2867,'645','Cheese'
2868,'645','Tuna'
2869,'646','Fish'
2870,'646','Shoes'
2871,'646','Hat'
2872,'646','Pants'
2873,'646','Ball'
2874,'646','Soap'
2875,'647','Table'
2876,'647','Salad'
2877,'647','Table'
2878,'648','Pants'
2879,'648','Hat'
2880,'648','Chips'
2881,'648','Keyboard'
2882,'649','Sausages'
2883,'649','Hat'
2884,'649','Car'
2885,'649','Computer'
2886,'649','Pizza'
2887,'649','Ball'
2888,'650','Table'
2889,'650','Fish'
2890,'651','Tuna'
2891,'652','Pizza'
2892,'652','Gloves'
2893,'652','Shirt'
2894,'652','Shoes'
2895,'652','Pizza'
2896,'652','Gloves'
2897,'652','Soap'
2898,'652','Pants'
2899,'652','Towels'
2900,'653','Mouse'
2901,'653','Chips'
2902,'653','Bacon'
2903,'653','Hat'
2904,'653','Gloves'
2905,'653','Shirt'
2906,'653','Chips'
2907,'654','Table'
2908,'654','Sausages'
2909,'654','Soap'
2910,'654','Towels'
2911,'654','Car'
2912,'654','Fish'
2913,'654','Hat'
2914,'655','Soap'
2915,'655','Shirt'
2916,'655','Cheese'
2917,'655','Bike'
2918,'655','Ball'
2919,'656','Chicken'
2920,'656','Sausages'
2921,'656','Keyboard'
2922,'656','Gloves'
2923,'657','Chips'
2924,'657','Pants'
2925,'657','Shoes'
2926,'658','Sausages'
2927,'658','Towels'
2928,'658','Pizza'
2929,'658','Ball'
2930,'658','Sausages'
2931,'658','Table'
2932,'658','Chair'
2933,'658','Chicken'
2934,'659','Shoes'
2935,'660','Salad'
2936,'660','Keyboard'
2937,'660','Hat'
2938,'660','Bacon'
2939,'660','Car'
2940,'660','Chicken'
2941,'660','Ball'
2942,'660','Towels'
2943,'661','Salad'
2944,'661','Pizza'
2945,'661','Pizza'
2946,'661','Sausages'
2947,'662','Bike'
2948,'662','Chips'
2949,'662','Ball'
2950,'662','Chair'
2951,'662','Pizza'
2952,'663','Cheese'
2953,'663','Chicken'
2954,'663','Salad'
2955,'663','Computer'
2956,'663','Computer'
2957,'663','Salad'
2958,'663','Salad'
2959,'663','Soap'
2960,'663','Chips'
2961,'664','Soap'
2962,'664','Shoes'
2963,'664','Shoes'
2964,'664','Salad'
2965,'664','Table'
2966,'665','Computer'
2967,'665','Soap'
2968,'665','Shoes'
2969,'665','Shirt'
2970,'665','Tuna'
2971,'665','Car'
2972,'665','Sausages'
2973,'665','Tuna'
2974,'665','Towels'
2975,'667','Cheese'
2976,'667','Table'
2977,'667','Computer'
2978,'667','Salad'
2979,'667','Keyboard'
2980,'667','Bike'
2981,'667','Bike'
2982,'668','Salad'
2983,'668','Bike'
2984,'668','Fish'
2985,'668','Mouse'
2986,'668','Ball'
2987,'668','Shirt'
2988,'668','Sausages'
2989,'669','Gloves'
2990,'669','Salad'
2991,'670','Fish'
2992,'670','Salad'
2993,'670','Mouse'
2994,'671','Shoes'
2995,'671','Shirt'
2996,'671','Cheese'
2997,'671','Hat'
2998,'671','Salad'
2999,'671','Hat'
3000,'671','Pizza'
3001,'671','Bacon'
3002,'672','Ball'
3003,'672','Car'
3004,'672','Pants'
3005,'673','Car'
3006,'673','Bacon'
3007,'673','Soap'
3008,'673','Cheese'
3009,'673','Pizza'
3010,'673','Bike'
3011,'673','Gloves'
3012,'673','Ball'
3013,'673','Keyboard'
3014,'674','Chair'
3015,'674','Salad'
3016,'674','Cheese'
3017,'674','Salad'
3018,'674','Mouse'
3019,'674','Gloves'
3020,'674','Chips'
3021,'676','Mouse'
3022,'676','Towels'
3023,'677','Fish'
3024,'677','Soap'
3025,'677','Mouse'
3026,'678','Chips'
3027,'678','Sausages'
3028,'679','Bacon'
3029,'679','Shoes'
3030,'679','Mouse'
3031,'679','Gloves'
3032,'679','Bike'
3033,'679','Bike'
3034,'679','Keyboard'
3035,'679','Shoes'
3036,'679','Gloves'
3037,'680','Bike'
3038,'680','Chair'
3039,'680','Table'
3040,'680','Shoes'
3041,'680','Pizza'
3042,'681','Computer'
3043,'681','Bacon'
3044,'681','Hat'
3045,'681','Pizza'
3046,'681','Chicken'
3047,'681','Salad'
3048,'681','Ball'
3049,'681','Keyboard'
3050,'681','Shoes'
3051,'682','Ball'
3052,'682','Bike'
3053,'682','Salad'
3054,'682','Keyboard'
3055,'682','Sausages'
3056,'683','Tuna'
3057,'683','Car'
3058,'683','Chair'
3059,'683','Table'
3060,'683','Shoes'
3061,'683','Fish'
3062,'683','Towels'
3063,'683','Pants'
3064,'683','Pizza'
3065,'684','Fish'
3066,'684','Computer'
3067,'684','Table'
3068,'684','Chicken'
3069,'684','Cheese'
3070,'684','Soap'
3071,'685','Chicken'
3072,'685','Pants'
3073,'685','Hat'
3074,'685','Soap'
3075,'685','Bike'
3076,'685','Soap'
3077,'685','Hat'
3078,'686','Bike'
3079,'686','Ball'
3080,'687','Gloves'
3081,'687','Shirt'
3082,'687','Chair'
3083,'687','Shirt'
3084,'687','Cheese'
3085,'688','Fish'
3086,'688','Bacon'
3087,'688','Shoes'
3088,'688','Towels'
3089,'689','Salad'
3090,'689','Chair'
3091,'690','Mouse'
3092,'690','Bike'
3093,'690','Computer'
3094,'690','Hat'
3095,'690','Hat'
3096,'690','Chair'
3097,'690','Chicken'
3098,'690','Bike'
3099,'691','Hat'
3100,'691','Gloves'
3101,'691','Chair'
3102,'692','Shoes'
3103,'692','Mouse'
3104,'693','Shoes'
3105,'693','Gloves'
3106,'695','Table'
3107,'695','Chair'
3108,'696','Tuna'
3109,'696','Chips'
3110,'696','Chips'
3111,'696','Shirt'
3112,'696','Chicken'
3113,'696','Soap'
3114,'697','Bike'
3115,'697','Towels'
3116,'697','Fish'
3117,'697','Gloves'
3118,'697','Sausages'
3119,'697','Sausages'
3120,'698','Salad'
3121,'698','Chicken'
3122,'698','Sausages'
3123,'698','Tuna'
3124,'698','Table'
3125,'698','Soap'
3126,'698','Keyboard'
3127,'698','Chair'
3128,'698','Towels'
3129,'699','Pants'
3130,'700','Gloves'
3131,'700','Chair'
3132,'700','Car'
3133,'700','Computer'
3134,'700','Chips'
3135,'700','Soap'
3136,'701','Towels'
3137,'701','Soap'
3138,'701','Car'
3139,'701','Chicken'
3140,'701','Mouse'
3141,'701','Bacon'
3142,'701','Towels'
3143,'702','Shirt'
3144,'702','Car'
3145,'703','Tuna'
3146,'703','Ball'
3147,'703','Ball'
3148,'703','Chair'
3149,'703','Car'
3150,'703','Soap'
3151,'703','Chips'
3152,'703','Salad'
3153,'703','Bacon'
3154,'704','Keyboard'
3155,'704','Salad'
3156,'704','Cheese'
3157,'704','Tuna'
3158,'704','Pants'
3159,'705','Computer'
3160,'706','Hat'
3161,'706','Soap'
3162,'706','Chips'
3163,'706','Gloves'
3164,'706','Soap'
3165,'707','Tuna'
3166,'707','Computer'
3167,'708','Shoes'
3168,'708','Hat'
3169,'709','Cheese'
3170,'709','Bike'
3171,'709','Chips'
3172,'709','Gloves'
3173,'709','Gloves'
3174,'709','Towels'
3175,'709','Bike'
3176,'709','Towels'
3177,'710','Chicken'
3178,'710','Pizza'
3179,'710','Gloves'
3180,'710','Bacon'
3181,'710','Fish'
3182,'711','Table'
3183,'711','Keyboard'
3184,'711','Mouse'
3185,'711','Pants'
3186,'711','Bacon'
3187,'711','Soap'
3188,'711','Car'
3189,'711','Towels'
3190,'711','Tuna'
3191,'712','Table'
3192,'712','Gloves'
3193,'712','Shoes'
3194,'713','Pizza'
3195,'713','Chair'
3196,'713','Pants'
3197,'713','Soap'
3198,'713','Salad'
3199,'714','Chips'
3200,'714','Tuna'
3201,'714','Pizza'
3202,'714','Towels'
3203,'714','Chicken'
3204,'714','Bacon'
3205,'714','Bacon'
3206,'715','Gloves'
3207,'715','Salad'
3208,'716','Gloves'
3209,'716','Towels'
3210,'716','Bike'
3211,'717','Tuna'
3212,'717','Shoes'
3213,'718','Pizza'
3214,'718','Sausages'
3215,'718','Sausages'
3216,'719','Hat'
3217,'719','Gloves'
3218,'720','Ball'
3219,'720','Mouse'
3220,'720','Bacon'
3221,'720','Tuna'
3222,'720','Sausages'
3223,'721','Shirt'
3224,'721','Pizza'
3225,'721','Salad'
3226,'721','Soap'
3227,'721','Table'
3228,'721','Shoes'
3229,'721','Bike'
3230,'721','Cheese'
3231,'722','Hat'
3232,'722','Tuna'
3233,'722','Sausages'
3234,'722','Car'
3235,'722','Chips'
3236,'722','Sausages'
3237,'722','Computer'
3238,'722','Table'
3239,'722','Fish'
3240,'723','Salad'
3241,'723','Sausages'
3242,'723','Chicken'
3243,'723','Bacon'
3244,'724','Cheese'
3245,'724','Tuna'
3246,'724','Chair'
3247,'724','Gloves'
3248,'724','Chicken'
3249,'724','Bike'
3250,'724','Sausages'
3251,'725','Hat'
3252,'725','Pizza'
3253,'725','Gloves'
3254,'725','Soap'
3255,'725','Computer'
3256,'725','Fish'
3257,'726','Mouse'
3258,'726','Bacon'
3259,'726','Bike'
3260,'726','Mouse'
3261,'726','Chair'
3262,'726','Chips'
3263,'726','Computer'
3264,'726','Ball'
3265,'726','Shirt'
3266,'727','Chicken'
3267,'727','Mouse'
3268,'727','Soap'
3269,'727','Computer'
3270,'728','Car'
3271,'728','Pants'
3272,'729','Pizza'
3273,'729','Chicken'
3274,'729','Shirt'
3275,'729','Tuna'
3276,'729','Hat'
3277,'729','Salad'
3278,'729','Pants'
3279,'729','Chips'
3280,'729','Fish'
3281,'730','Chicken'
3282,'730','Sausages'
3283,'730','Pants'
3284,'730','Bike'
3285,'731','Sausages'
3286,'731','Car'
3287,'731','Soap'
3288,'731','Pants'
3289,'731','Salad'
3290,'732','Bike'
3291,'732','Gloves'
3292,'732','Fish'
3293,'732','Sausages'
3294,'732','Gloves'
3295,'732','Ball'
3296,'732','Chair'
3297,'733','Computer'
3298,'733','Table'
3299,'733','Bike'
3300,'733','Gloves'
3301,'734','Cheese'
3302,'734','Car'
3303,'734','Pizza'
3304,'734','Pants'
3305,'734','Tuna'
3306,'734','Computer'
3307,'734','Soap'
3308,'734','Towels'
3309,'735','Sausages'
3310,'735','Chicken'
3311,'735','Chair'
3312,'735','Chair'
3313,'735','Fish'
3314,'735','Pants'
3315,'735','Car'
3316,'736','Towels'
3317,'736','Chicken'
3318,'736','Sausages'
3319,'737','Shirt'
3320,'737','Table'
3321,'738','Keyboard'
3322,'738','Fish'
3323,'738','Hat'
3324,'738','Bacon'
3325,'738','Mouse'
3326,'739','Ball'
3327,'739','Computer'
3328,'739','Pizza'
3329,'739','Ball'
3330,'739','Cheese'
3331,'739','Chips'
3332,'739','Pants'
3333,'739','Table'
3334,'740','Soap'
3335,'741','Cheese'
3336,'741','Bike'
3337,'741','Bacon'
3338,'742','Tuna'
3339,'742','Keyboard'
3340,'742','Bacon'
3341,'742','Shirt'
3342,'742','Car'
3343,'743','Tuna'
3344,'743','Table'
3345,'743','Bacon'
3346,'743','Gloves'
3347,'743','Mouse'
3348,'743','Tuna'
3349,'743','Sausages'
3350,'743','Soap'
3351,'743','Fish'
3352,'744','Mouse'
3353,'744','Chicken'
3354,'744','Fish'
3355,'744','Pizza'
3356,'744','Gloves'
3357,'744','Shirt'
3358,'744','Pants'
3359,'744','Gloves'
3360,'746','Salad'
3361,'748','Ball'
3362,'748','Sausages'
3363,'748','Pizza'
3364,'749','Soap'
3365,'749','Tuna'
3366,'749','Mouse'
3367,'749','Shirt'
3368,'749','Tuna'
3369,'749','Sausages'
3370,'749','Cheese'
3371,'750','Soap'
3372,'750','Gloves'
3373,'750','Ball'
3374,'750','Ball'
3375,'750','Cheese'
3376,'750','Bacon'
3377,'751','Chair'
3378,'751','Fish'
3379,'752','Hat'
3380,'752','Cheese'
3381,'752','Bacon'
3382,'752','Shirt'
3383,'752','Mouse'
3384,'752','Soap'
3385,'753','Shirt'
3386,'753','Pizza'
3387,'753','Keyboard'
3388,'753','Chair'
3389,'753','Bacon'
3390,'753','Gloves'
3391,'754','Gloves'
3392,'754','Chips'
3393,'754','Ball'
3394,'754','Pants'
3395,'754','Gloves'
3396,'754','Pants'
3397,'755','Chair'
3398,'755','Shoes'
3399,'755','Shoes'
3400,'755','Bacon'
3401,'755','Fish'
3402,'756','Car'
3403,'756','Sausages'
3404,'756','Chair'
3405,'756','Ball'
3406,'756','Pizza'
3407,'756','Fish'
3408,'756','Ball'
3409,'756','Sausages'
3410,'756','Tuna'
3411,'757','Gloves'
3412,'757','Pants'
3413,'757','Bike'
3414,'757','Computer'
3415,'757','Chips'
3416,'757','Shirt'
3417,'757','Pants'
3418,'757','Mouse'
3419,'757','Salad'
3420,'758','Gloves'
3421,'758','Bike'
3422,'758','Bacon'
3423,'758','Mouse'
3424,'758','Pizza'
3425,'758','Mouse'
3426,'758','Ball'
3427,'758','Soap'
3428,'759','Table'
3429,'759','Mouse'
3430,'759','Bike'
3431,'760','Salad'
3432,'760','Bacon'
3433,'760','Hat'
3434,'760','Shoes'
3435,'760','Ball'
3436,'760','Ball'
3437,'760','Tuna'
3438,'761','Bike'
3439,'761','Mouse'
3440,'761','Tuna'
3441,'761','Keyboard'
3442,'761','Ball'
3443,'761','Gloves'
3444,'761','Sausages'
3445,'761','Fish'
3446,'761','Salad'
3447,'762','Tuna'
3448,'763','Keyboard'
3449,'763','Car'
3450,'763','Computer'
3451,'763','Cheese'
3452,'763','Chicken'
3453,'763','Mouse'
3454,'763','Bacon'
3455,'763','Fish'
3456,'763','Bacon'
3457,'764','Soap'
3458,'764','Towels'
3459,'764','Fish'
3460,'764','Towels'
3461,'765','Table'
3462,'765','Hat'
3463,'765','Pants'
3464,'765','Chair'
3465,'765','Hat'
3466,'765','Ball'
3467,'766','Shirt'
3468,'766','Chicken'
3469,'766','Mouse'
3470,'766','Keyboard'
3471,'768','Hat'
3472,'768','Gloves'
3473,'769','Towels'
3474,'769','Table'
3475,'770','Gloves'
3476,'770','Cheese'
3477,'770','Ball'
3478,'770','Table'
3479,'771','Ball'
3480,'771','Gloves'
3481,'771','Table'
3482,'771','Bike'
3483,'771','Ball'
3484,'771','Mouse'
3485,'771','Mouse'
3486,'772','Mouse'
3487,'772','Tuna'
3488,'772','Hat'
3489,'772','Soap'
3490,'772','Towels'
3491,'772','Tuna'
3492,'772','Chicken'
3493,'773','Mouse'
3494,'773','Gloves'
3495,'773','Shirt'
3496,'773','Towels'
3497,'773','Pants'
3498,'773','Mouse'
3499,'773','Bike'
3500,'774','Bacon'
3501,'774','Bike'
3502,'774','Fish'
3503,'775','Salad'
3504,'775','Chips'
3505,'775','Chair'
3506,'775','Fish'
3507,'776','Hat'
3508,'776','Pants'
3509,'776','Fish'
3510,'776','Sausages'
3511,'776','Bacon'
3512,'777','Cheese'
3513,'777','Ball'
3514,'777','Gloves'
3515,'777','Fish'
3516,'778','Gloves'
3517,'778','Ball'
3518,'778','Table'
3519,'778','Mouse'
3520,'778','Tuna'
3521,'778','Fish'
3522,'779','Pants'
3523,'779','Cheese'
3524,'779','Pants'
3525,'779','Mouse'
3526,'780','Soap'
3527,'780','Gloves'
3528,'780','Chicken'
3529,'781','Tuna'
3530,'781','Chips'
3531,'781','Shirt'
3532,'781','Pizza'
3533,'781','Table'
3534,'781','Computer'
3535,'781','Pizza'
3536,'781','Bike'
3537,'781','Fish'
3538,'782','Keyboard'
3539,'782','Soap'
3540,'782','Gloves'
3541,'782','Pants'
3542,'783','Shoes'
3543,'783','Gloves'
3544,'783','Gloves'
3545,'783','Computer'
3546,'783','Towels'
3547,'783','Fish'
3548,'783','Fish'
3549,'783','Chair'
3550,'784','Ball'
3551,'785','Keyboard'
3552,'785','Car'
3553,'785','Pizza'
3554,'785','Shirt'
3555,'785','Sausages'
3556,'787','Mouse'
3557,'787','Keyboard'
3558,'787','Gloves'
3559,'787','Fish'
3560,'787','Pants'
3561,'789','Bike'
3562,'789','Mouse'
3563,'789','Bike'
3564,'790','Sausages'
3565,'790','Hat'
3566,'790','Chips'
3567,'790','Chips'
3568,'793','Shoes'
3569,'793','Fish'
3570,'793','Bike'
3571,'793','Sausages'
3572,'793','Car'
3573,'793','Cheese'
3574,'793','Keyboard'
3575,'793','Keyboard'
3576,'793','Hat'
3577,'794','Chicken'
3578,'794','Pizza'
3579,'794','Bike'
3580,'795','Gloves'
3581,'796','Car'
3582,'796','Salad'
3583,'797','Cheese'
3584,'797','Table'
3585,'797','Chicken'
3586,'797','Soap'
3587,'797','Chips'
3588,'798','Fish'
3589,'798','Fish'
3590,'798','Tuna'
3591,'798','Chips'
3592,'798','Soap'
3593,'798','Cheese'
3594,'799','Hat'
3595,'799','Bacon'
3596,'799','Towels'
3597,'799','Computer'
3598,'799','Salad'
3599,'799','Shirt'
3600,'800','Chips'
3601,'800','Fish'
3602,'800','Shoes'
3603,'800','Tuna'
3604,'800','Salad'
3605,'800','Ball'
3606,'800','Fish'
3607,'800','Pants'
3608,'800','Pizza'
3609,'801','Shirt'
3610,'802','Mouse'
3611,'802','Mouse'
3612,'802','Keyboard'
3613,'802','Tuna'
3614,'802','Hat'
3615,'803','Table'
3616,'805','Keyboard'
3617,'805','Mouse'
3618,'805','Chicken'
3619,'805','Tuna'
3620,'806','Table'
3621,'806','Keyboard'
3622,'806','Chicken'
3623,'807','Chicken'
3624,'808','Fish'
3625,'808','Tuna'
3626,'810','Cheese'
3627,'810','Fish'
3628,'811','Hat'
3629,'811','Computer'
3630,'811','Bacon'
3631,'811','Pizza'
3632,'811','Pants'
3633,'811','Shoes'
3634,'811','Computer'
3635,'811','Gloves'
3636,'812','Computer'
3637,'812','Keyboard'
3638,'812','Table'
3639,'812','Table'
3640,'812','Keyboard'
3641,'812','Mouse'
3642,'812','Tuna'
3643,'812','Fish'
3644,'813','Salad'
3645,'813','Sausages'
3646,'814','Mouse'
3647,'815','Car'
3648,'815','Fish'
3649,'815','Shoes'
3650,'815','Soap'
3651,'815','Tuna'
3652,'815','Tuna'
3653,'815','Car'
3654,'816','Pizza'
3655,'816','Chicken'
3656,'816','Bike'
3657,'816','Fish'
3658,'816','Mouse'
3659,'817','Chicken'
3660,'817','Ball'
3661,'817','Pizza'
3662,'817','Car'
3663,'817','Table'
3664,'817','Towels'
3665,'817','Mouse'
3666,'819','Soap'
3667,'819','Shirt'
3668,'819','Gloves'
3669,'819','Towels'
3670,'819','Chicken'
3671,'819','Hat'
3672,'819','Shoes'
3673,'820','Computer'
3674,'820','Cheese'
3675,'820','Ball'
3676,'820','Bike'
3677,'820','Hat'
3678,'821','Bacon'
3679,'821','Towels'
3680,'821','Bacon'
3681,'822','Car'
3682,'822','Bacon'
3683,'822','Hat'
3684,'822','Tuna'
3685,'822','Chips'
3686,'822','Mouse'
3687,'822','Table'
3688,'822','Soap'
3689,'823','Car'
3690,'823','Fish'
3691,'824','Keyboard'
3692,'824','Hat'
3693,'824','Car'
3694,'824','Chicken'
3695,'824','Cheese'
3696,'825','Bike'
3697,'825','Keyboard'
3698,'825','Bike'
3699,'825','Car'
3700,'825','Chips'
3701,'825','Pants'
3702,'826','Pizza'
3703,'826','Pants'
3704,'826','Tuna'
3705,'827','Mouse'
3706,'827','Chair'
3707,'829','Chips'
3708,'829','Car'
3709,'829','Mouse'
3710,'829','Hat'
3711,'829','Shoes'
3712,'829','Chips'
3713,'829','Table'
3714,'829','Ball'
3715,'830','Chair'
3716,'830','Towels'
3717,'830','Tuna'
3718,'830','Table'
3719,'830','Fish'
3720,'830','Bike'
3721,'830','Fish'
3722,'830','Hat'
3723,'830','Pants'
3724,'831','Towels'
3725,'831','Pizza'
3726,'831','Salad'
3727,'832','Tuna'
3728,'833','Chicken'
3729,'833','Keyboard'
3730,'833','Bike'
3731,'833','Tuna'
3732,'833','Pants'
3733,'833','Pizza'
3734,'833','Hat'
3735,'835','Towels'
3736,'835','Pants'
3737,'835','Gloves'
3738,'836','Shirt'
3739,'837','Bacon'
3740,'837','Gloves'
3741,'837','Shoes'
3742,'837','Salad'
3743,'837','Hat'
3744,'837','Gloves'
3745,'837','Table'
3746,'837','Bacon'
3747,'837','Shirt'
3748,'838','Ball'
3749,'838','Salad'
3750,'838','Gloves'
3751,'838','Fish'
3752,'838','Tuna'
3753,'838','Table'
3754,'839','Table'
3755,'839','Table'
3756,'839','Car'
3757,'839','Fish'
3758,'840','Chair'
3759,'840','Pants'
3760,'840','Chips'
3761,'840','Cheese'
3762,'840','Sausages'
3763,'840','Bacon'
3764,'841','Chair'
3765,'841','Pizza'
3766,'841','Salad'
3767,'841','Tuna'
3768,'841','Computer'
3769,'841','Sausages'
3770,'841','Ball'
3771,'841','Chicken'
3772,'843','Hat'
3773,'844','Ball'
3774,'844','Keyboard'
3775,'844','Car'
3776,'844','Tuna'
3777,'844','Computer'
3778,'844','Pizza'
3779,'844','Keyboard'
3780,'844','Chicken'
3781,'845','Towels'
3782,'845','Salad'
3783,'845','Tuna'
3784,'846','Hat'
3785,'846','Chips'
3786,'846','Keyboard'
3787,'846','Shoes'
3788,'846','Shoes'
3789,'847','Pizza'
3790,'847','Pants'
3791,'847','Shirt'
3792,'848','Soap'
3793,'848','Table'
3794,'848','Table'
3795,'848','Fish'
3796,'848','Computer'
3797,'848','Ball'
3798,'848','Table'
3799,'848','Computer'
3800,'848','Table'
3801,'849','Soap'
3802,'849','Hat'
3803,'849','Towels'
3804,'849','Pants'
3805,'849','Cheese'
3806,'849','Pants'
3807,'849','Chips'
3808,'849','Keyboard'
3809,'849','Pants'
3810,'850','Chips'
3811,'850','Mouse'
3812,'850','Chair'
3813,'851','Chicken'
3814,'851','Chicken'
3815,'851','Bacon'
3816,'851','Chicken'
3817,'851','Hat'
3818,'851','Fish'
3819,'852','Tuna'
3820,'852','Chicken'
3821,'852','Table'
3822,'852','Shirt'
3823,'853','Shoes'
3824,'853','Bacon'
3825,'853','Chicken'
3826,'853','Hat'
3827,'853','Computer'
3828,'854','Computer'
3829,'854','Bacon'
3830,'854','Chips'
3831,'854','Chicken'
3832,'854','Tuna'
3833,'854','Cheese'
3834,'854','Sausages'
3835,'854','Pizza'
3836,'855','Mouse'
3837,'855','Table'
3838,'855','Cheese'
3839,'855','Mouse'
3840,'855','Chips'
3841,'856','Shoes'
3842,'856','Gloves'
3843,'856','Cheese'
3844,'856','Towels'
3845,'856','Chicken'
3846,'856','Car'
3847,'857','Chips'
3848,'857','Gloves'
3849,'857','Computer'
3850,'857','Hat'
3851,'857','Cheese'
3852,'858','Table'
3853,'858','Towels'
3854,'858','Ball'
3855,'858','Bike'
3856,'858','Computer'
3857,'858','Towels'
3858,'858','Shoes'
3859,'858','Car'
3860,'858','Pants'
3861,'859','Ball'
3862,'859','Shoes'
3863,'859','Pizza'
3864,'859','Shirt'
3865,'859','Cheese'
3866,'859','Chair'
3867,'859','Sausages'
3868,'859','Cheese'
3869,'859','Shoes'
3870,'860','Salad'
3871,'860','Chair'
3872,'860','Keyboard'
3873,'860','Pizza'
3874,'862','Bike'
3875,'863','Cheese'
3876,'863','Soap'
3877,'863','Computer'
3878,'863','Towels'
3879,'863','Mouse'
3880,'863','Chicken'
3881,'864','Table'
3882,'864','Gloves'
3883,'864','Towels'
3884,'865','Towels'
3885,'865','Gloves'
3886,'865','Sausages'
3887,'865','Gloves'
3888,'865','Computer'
3889,'866','Shirt'
3890,'866','Pants'
3891,'866','Bacon'
3892,'866','Pizza'
3893,'866','Chair'
3894,'867','Ball'
3895,'867','Computer'
3896,'867','Pizza'
3897,'867','Soap'
3898,'867','Chicken'
3899,'867','Soap'
3900,'868','Ball'
3901,'868','Bacon'
3902,'868','Keyboard'
3903,'868','Chips'
3904,'869','Keyboard'
3905,'869','Cheese'
3906,'870','Gloves'
3907,'870','Fish'
3908,'871','Chips'
3909,'871','Fish'
3910,'871','Soap'
3911,'871','Fish'
3912,'872','Chips'
3913,'872','Chair'
3914,'872','Car'
3915,'872','Chicken'
3916,'872','Hat'
3917,'872','Chair'
3918,'872','Bacon'
3919,'872','Sausages'
3920,'873','Sausages'
3921,'873','Ball'
3922,'873','Cheese'
3923,'873','Chips'
3924,'873','Shirt'
3925,'873','Salad'
3926,'873','Bacon'
3927,'874','Towels'
3928,'874','Soap'
3929,'874','Gloves'
3930,'874','Pizza'
3931,'874','Chips'
3932,'874','Mouse'
3933,'874','Computer'
3934,'874','Car'
3935,'874','Table'
3936,'875','Towels'
3937,'875','Bike'
3938,'875','Fish'
3939,'875','Keyboard'
3940,'875','Salad'
3941,'875','Pizza'
3942,'876','Keyboard'
3943,'876','Salad'
3944,'876','Table'
3945,'876','Cheese'
3946,'876','Bike'
3947,'877','Salad'
3948,'877','Ball'
3949,'877','Bacon'
3950,'878','Tuna'
3951,'878','Soap'
3952,'879','Car'
3953,'879','Mouse'
3954,'879','Chair'
3955,'880','Computer'
3956,'880','Table'
3957,'880','Gloves'
3958,'880','Soap'
3959,'880','Sausages'
3960,'880','Chips'
3961,'880','Gloves'
3962,'880','Table'
3963,'881','Cheese'
3964,'881','Computer'
3965,'881','Tuna'
3966,'881','Chair'
3967,'881','Towels'
3968,'881','Chicken'
3969,'881','Chips'
3970,'882','Ball'
3971,'882','Computer'
3972,'882','Shirt'
3973,'882','Gloves'
3974,'882','Pizza'
3975,'882','Fish'
3976,'882','Pizza'
3977,'882','Pizza'
3978,'883','Pants'
3979,'883','Chicken'
3980,'883','Cheese'
3981,'884','Fish'
3982,'885','Soap'
3983,'887','Pizza'
3984,'887','Mouse'
3985,'888','Shoes'
3986,'888','Table'
3987,'888','Bacon'
3988,'888','Chicken'
3989,'888','Bacon'
3990,'889','Bike'
3991,'889','Bacon'
3992,'889','Chair'
3993,'889','Pizza'
3994,'889','Ball'
3995,'889','Chicken'
3996,'889','Soap'
3997,'889','Pizza'
3998,'889','Chips'
3999,'890','Hat'
4000,'890','Cheese'
4001,'890','Fish'
4002,'890','Car'
4003,'891','Shirt'
4004,'891','Chips'
4005,'891','Salad'
4006,'891','Chips'
4007,'891','Car'
4008,'891','Keyboard'
4009,'892','Chips'
4010,'893','Chips'
4011,'893','Soap'
4012,'893','Gloves'
4013,'893','Shirt'
4014,'893','Cheese'
4015,'893','Chicken'
4016,'893','Fish'
4017,'893','Soap'
4018,'893','Keyboard'
4019,'894','Gloves'
4020,'894','Mouse'
4021,'895','Shirt'
4022,'895','Car'
4023,'895','Bike'
4024,'895','Keyboard'
4025,'895','Tuna'
4026,'895','Computer'
4027,'895','Shoes'
4028,'895','Fish'
4029,'896','Towels'
4030,'896','Shirt'
4031,'896','Computer'
4032,'896','Computer'
4033,'896','Car'
4034,'896','Mouse'
4035,'896','Tuna'
4036,'896','Keyboard'
4037,'897','Tuna'
4038,'897','Cheese'
4039,'897','Chips'
4040,'897','Chair'
4041,'897','Computer'
4042,'897','Pants'
4043,'897','Ball'
4044,'897','Shoes'
4045,'897','Sausages'
4046,'898','Sausages'
4047,'899','Bacon'
4048,'899','Towels'
4049,'899','Ball'
4050,'900','Tuna'
4051,'900','Soap'
4052,'900','Keyboard'
4053,'900','Soap'
4054,'901','Ball'
4055,'901','Pants'
4056,'902','Gloves'
4057,'902','Chicken'
4058,'903','Soap'
4059,'903','Table'
4060,'904','Fish'
4061,'905','Bike'
4062,'905','Keyboard'
4063,'905','Salad'
4064,'905','Fish'
4065,'905','Pizza'
4066,'905','Table'
4067,'905','Tuna'
4068,'906','Chips'
4069,'906','Bacon'
4070,'906','Mouse'
4071,'906','Bacon'
4072,'906','Car'
4073,'906','Pants'
4074,'906','Chicken'
4075,'907','Chips'
4076,'907','Chicken'
4077,'907','Shoes'
4078,'907','Tuna'
4079,'907','Tuna'
4080,'907','Bacon'
4081,'908','Tuna'
4082,'908','Towels'
4083,'909','Table'
4084,'909','Bike'
4085,'909','Car'
4086,'909','Mouse'
4087,'909','Salad'
4088,'909','Sausages'
4089,'909','Chair'
4090,'909','Cheese'
4091,'910','Pizza'
4092,'911','Bacon'
4093,'911','Bike'
4094,'911','Hat'
4095,'911','Shoes'
4096,'911','Chicken'
4097,'911','Car'
4098,'911','Bike'
4099,'911','Table'
4100,'912','Salad'
4101,'912','Fish'
4102,'912','Table'
4103,'912','Towels'
4104,'913','Bacon'
4105,'913','Bacon'
4106,'913','Bike'
4107,'913','Pizza'
4108,'913','Table'
4109,'913','Cheese'
4110,'914','Tuna'
4111,'914','Car'
4112,'914','Chair'
4113,'915','Cheese'
4114,'915','Fish'
4115,'915','Sausages'
4116,'915','Pizza'
4117,'916','Tuna'
4118,'916','Shirt'
4119,'916','Keyboard'
4120,'916','Cheese'
4121,'916','Cheese'
4122,'916','Salad'
4123,'916','Towels'
4124,'916','Chicken'
4125,'916','Sausages'
4126,'917','Salad'
4127,'918','Shoes'
4128,'918','Hat'
4129,'918','Bacon'
4130,'918','Soap'
4131,'918','Chips'
4132,'918','Shoes'
4133,'918','Keyboard'
4134,'919','Computer'
4135,'920','Tuna'
4136,'920','Soap'
4137,'920','Shirt'
4138,'920','Chips'
4139,'920','Car'
4140,'920','Ball'
4141,'921','Cheese'
4142,'921','Table'
4143,'922','Bacon'
4144,'922','Gloves'
4145,'922','Chips'
4146,'922','Bacon'
4147,'922','Chips'
4148,'922','Salad'
4149,'922','Sausages'
4150,'922','Salad'
4151,'923','Shirt'
4152,'925','Car'
4153,'925','Table'
4154,'925','Fish'
4155,'925','Towels'
4156,'925','Hat'
4157,'925','Shirt'
4158,'925','Mouse'
4159,'925','Hat'
4160,'926','Ball'
4161,'926','Ball'
4162,'926','Tuna'
4163,'926','Keyboard'
4164,'926','Car'
4165,'927','Mouse'
4166,'928','Towels'
4167,'928','Keyboard'
4168,'928','Chicken'
4169,'928','Fish'
4170,'928','Soap'
4171,'928','Shirt'
4172,'929','Bike'
4173,'929','Fish'
4174,'929','Cheese'
4175,'929','Keyboard'
4176,'929','Shoes'
4177,'929','Soap'
4178,'929','Chicken'
4179,'930','Mouse'
4180,'930','Computer'
4181,'930','Shoes'
4182,'930','Table'
4183,'930','Bacon'
4184,'930','Gloves'
4185,'930','Computer'
4186,'931','Tuna'
4187,'931','Table'
4188,'931','Towels'
4189,'931','Bacon'
4190,'932','Shirt'
4191,'932','Hat'
4192,'932','Shirt'
4193,'932','Table'
4194,'933','Shirt'
4195,'933','Cheese'
4196,'933','Car'
4197,'933','Gloves'
4198,'933','Chicken'
4199,'933','Sausages'
4200,'933','Salad'
4201,'933','Fish'
4202,'933','Chips'
4203,'934','Fish'
4204,'935','Keyboard'
4205,'935','Computer'
4206,'935','Mouse'
4207,'935','Towels'
4208,'936','Chair'
4209,'936','Shoes'
4210,'936','Chair'
4211,'936','Tuna'
4212,'936','Table'
4213,'936','Mouse'
4214,'936','Fish'
4215,'936','Shirt'
4216,'937','Shoes'
4217,'937','Car'
4218,'937','Ball'
4219,'937','Ball'
4220,'937','Gloves'
4221,'937','Car'
4222,'937','Pizza'
4223,'937','Sausages'
4224,'937','Salad'
4225,'938','Towels'
4226,'938','Mouse'
4227,'938','Pants'
4228,'938','Tuna'
4229,'938','Ball'
4230,'938','Bike'
4231,'939','Gloves'
4232,'939','Car'
4233,'939','Chair'
4234,'939','Keyboard'
4235,'939','Chair'
4236,'939','Bacon'
4237,'939','Pants'
4238,'939','Shirt'
4239,'940','Towels'
4240,'940','Tuna'
4241,'940','Computer'
4242,'941','Mouse'
4243,'941','Ball'
4244,'941','Bacon'
4245,'941','Cheese'
4246,'941','Table'
4247,'941','Car'
4248,'941','Shirt'
4249,'941','Salad'
4250,'941','Bacon'
4251,'942','Sausages'
4252,'942','Computer'
4253,'942','Ball'
4254,'942','Chair'
4255,'943','Soap'
4256,'943','Table'
4257,'943','Fish'
4258,'943','Towels'
4259,'943','Cheese'
4260,'943','Chips'
4261,'943','Bacon'
4262,'943','Gloves'
4263,'943','Mouse'
4264,'944','Table'
4265,'944','Keyboard'
4266,'944','Hat'
4267,'944','Shirt'
4268,'944','Computer'
4269,'945','Pizza'
4270,'945','Table'
4271,'945','Computer'
4272,'945','Sausages'
4273,'946','Bike'
4274,'946','Chair'
4275,'946','Shirt'
4276,'946','Hat'
4277,'946','Chair'
4278,'946','Gloves'
4279,'946','Hat'
4280,'947','Bacon'
4281,'947','Mouse'
4282,'947','Chair'
4283,'948','Bike'
4284,'948','Chips'
4285,'948','Towels'
4286,'949','Bacon'
4287,'949','Bike'
4288,'949','Table'
4289,'949','Pants'
4290,'949','Soap'
4291,'950','Mouse'
4292,'950','Cheese'
4293,'951','Mouse'
4294,'951','Shoes'
4295,'951','Sausages'
4296,'951','Shoes'
4297,'951','Towels'
4298,'951','Pants'
4299,'952','Mouse'
4300,'952','Keyboard'
4301,'952','Car'
4302,'953','Computer'
4303,'953','Pants'
4304,'954','Keyboard'
4305,'954','Salad'
4306,'954','Bacon'
4307,'954','Shoes'
4308,'954','Chips'
4309,'954','Shirt'
4310,'954','Table'
4311,'954','Car'
4312,'954','Chips'
4313,'955','Bike'
4314,'955','Chips'
4315,'956','Bacon'
4316,'956','Salad'
4317,'956','Ball'
4318,'956','Tuna'
4319,'956','Chips'
4320,'956','Towels'
4321,'956','Salad'
4322,'956','Sausages'
4323,'957','Pizza'
4324,'957','Sausages'
4325,'957','Soap'
4326,'958','Shirt'
4327,'958','Computer'
4328,'958','Bacon'
4329,'958','Pants'
4330,'958','Towels'
4331,'958','Chips'
4332,'958','Pizza'
4333,'958','Sausages'
4334,'958','Table'
4335,'960','Soap'
4336,'960','Pants'
4337,'960','Shoes'
4338,'960','Chair'
4339,'960','Shoes'
4340,'960','Chicken'
4341,'960','Bike'
4342,'961','Cheese'
4343,'961','Chips'
4344,'961','Tuna'
4345,'961','Chicken'
4346,'962','Tuna'
4347,'962','Shirt'
4348,'962','Bike'
4349,'962','Ball'
4350,'962','Fish'
4351,'962','Computer'
4352,'962','Chicken'
4353,'963','Chair'
4354,'963','Sausages'
4355,'963','Cheese'
4356,'963','Shoes'
4357,'963','Shoes'
4358,'964','Soap'
4359,'964','Towels'
4360,'965','Shoes'
4361,'965','Keyboard'
4362,'965','Towels'
4363,'965','Shirt'
4364,'965','Mouse'
4365,'965','Hat'
4366,'967','Chicken'
4367,'967','Pizza'
4368,'967','Shirt'
4369,'967','Sausages'
4370,'967','Towels'
4371,'969','Bacon'
4372,'970','Computer'
4373,'970','Cheese'
4374,'970','Bacon'
4375,'970','Pants'
4376,'970','Chips'
4377,'970','Soap'
4378,'970','Chips'
4379,'970','Towels'
4380,'970','Car'
4381,'971','Gloves'
4382,'971','Keyboard'
4383,'971','Chair'
4384,'971','Mouse'
4385,'971','Chicken'
4386,'971','Cheese'
4387,'972','Gloves'
4388,'972','Bike'
4389,'972','Soap'
4390,'973','Ball'
4391,'973','Keyboard'
4392,'974','Bacon'
4393,'974','Hat'
4394,'974','Chips'
4395,'974','Chair'
4396,'974','Bacon'
4397,'974','Computer'
4398,'974','Chair'
4399,'974','Table'
4400,'974','Sausages'
4401,'975','Car'
4402,'975','Ball'
4403,'975','Computer'
4404,'975','Shoes'
4405,'975','Pizza'
4406,'975','Pants'
4407,'975','Chair'
4408,'975','Cheese'
4409,'976','Car'
4410,'976','Mouse'
4411,'976','Computer'
4412,'976','Chair'
4413,'976','Bacon'
4414,'976','Hat'
4415,'976','Fish'
4416,'976','Car'
4417,'976','Chicken'
4418,'977','Shirt'
4419,'977','Chicken'
4420,'977','Cheese'
4421,'978','Shoes'
4422,'979','Pizza'
4423,'979','Gloves'
4424,'979','Towels'
4425,'980','Cheese'
4426,'980','Ball'
4427,'980','Bike'
4428,'980','Bacon'
4429,'981','Table'
4430,'981','Shirt'
4431,'982','Soap'
4432,'982','Sausages'
4433,'982','Chair'
4434,'984','Mouse'
4435,'984','Mouse'
4436,'984','Sausages'
4437,'984','Gloves'
4438,'985','Car'
4439,'985','Car'
4440,'985','Chair'
4441,'985','Hat'
4442,'985','Chips'
4443,'985','Pizza'
4444,'985','Ball'
4445,'985','Chips'
4446,'986','Table'
4447,'986','Chips'
4448,'986','Hat'
4449,'986','Ball'
4450,'986','Bike'
4451,'986','Tuna'
4452,'986','Salad'
4453,'986','Shirt'
4454,'986','Hat'
4455,'988','Chair'
4456,'988','Shirt'
4457,'988','Cheese'
4458,'988','Chicken'
4459,'989','Tuna'
4460,'989','Hat'
4461,'989','Table'
4462,'989','Bacon'
4463,'989','Gloves'
4464,'989','Chair'
4465,'989','Pizza'
4466,'989','Tuna'
4467,'989','Bike'
4468,'991','Keyboard'
4469,'991','Bacon'
4470,'991','Chair'
4471,'991','Ball'
4472,'992','Mouse'
4473,'992','Bike'
4474,'993','Ball'
4475,'993','Chips'
4476,'995','Soap'
4477,'995','Pizza'
4478,'995','Tuna'
4479,'995','Shirt'
4480,'995','Sausages'
4481,'995','Soap'
4482,'995','Fish'
4483,'995','Tuna'
4484,'996','Computer'
4485,'997','Bacon'
4486,'997','Towels'
4487,'997','Mouse'
4488,'997','Bike'
4489,'997','Hat'
4490,'997','Mouse'
4491,'997','Pants'
4492,'997','Gloves'
4493,'997','Mouse'
4494,'998','Keyboard'
4495,'998','Chicken'
4496,'998','Bacon'
4497,'999','Bike'
4498,'999','Shirt'
4499,'999','Keyboard'
4500,'999','Ball'
4501,'999','Salad'
4502,'999','Chips'